-- phpMyAdmin SQL Dump
-- version 4.0.10.7
-- http://www.phpmyadmin.net
--
-- Host: localhost:3306
-- Generation Time: Sep 27, 2016 at 01:51 PM
-- Server version: 5.5.45-37.4-log
-- PHP Version: 5.4.31

SET SQL_MODE = "NO_AUTO_VALUE_ON_ZERO";
SET time_zone = "+00:00";


/*!40101 SET @OLD_CHARACTER_SET_CLIENT=@@CHARACTER_SET_CLIENT */;
/*!40101 SET @OLD_CHARACTER_SET_RESULTS=@@CHARACTER_SET_RESULTS */;
/*!40101 SET @OLD_COLLATION_CONNECTION=@@COLLATION_CONNECTION */;
/*!40101 SET NAMES utf8 */;

--
-- Database: `obaidulq_db`
--

-- --------------------------------------------------------

--
-- Table structure for table `aboutus`
--

CREATE TABLE IF NOT EXISTS `aboutus` (
  `id` int(11) NOT NULL AUTO_INCREMENT,
  `managemenu` varchar(50) NOT NULL,
  `ordering` varchar(50) NOT NULL,
  `contenttile` varchar(100) NOT NULL,
  `description` varchar(100) NOT NULL,
  `Image` longblob NOT NULL,
  `UserPic` varchar(500) NOT NULL,
  PRIMARY KEY (`id`)
) ENGINE=InnoDB  DEFAULT CHARSET=latin1 AUTO_INCREMENT=21 ;

--
-- Dumping data for table `aboutus`
--

INSERT INTO `aboutus` (`id`, `managemenu`, `ordering`, `contenttile`, `description`, `Image`, `UserPic`) VALUES
(19, 'About Obaidul Quader', '1', 'about us', '<p>check</p>\r\n', 0x89504e470d0a1a0a0000000d494844520000006400000064080600000070e29554000000097048597300000b1300000b1301009a9c1800000a4f6943435050686f746f73686f70204943432070726f66696c65000078da9d53675453e9163df7def4424b8880944b6f5215082052428b801491262a2109104a8821a1d91551c1114545041bc8a088038e8e808c15512c0c8a0ad807e421a28e83a3888acafbe17ba36bd6bcf7e6cdfeb5d73ee7acf39db3cf07c0080c9648335135800ca9421e11e083c7c4c6e1e42e40810a2470001008b3642173fd230100f87e3c3c2b22c007be000178d30b0800c04d9bc0301c87ff0fea42995c01808401c07491384b08801400407a8e42a600404601809d98265300a0040060cb6362e300502d0060277fe6d300809df8997b01005b94211501a09100201365884400683b00accf568a450058300014664bc43900d82d00304957664800b0b700c0ce100bb200080c00305188852900047b0060c8232378008499001446f2573cf12bae10e72a00007899b23cb9243945815b082d710757572e1e28ce49172b14366102619a402ec27999193281340fe0f3cc0000a0911511e083f3fd78ce0eaecece368eb60e5f2deabf06ff226262e3fee5cfab70400000e1747ed1fe2c2fb31a803b06806dfea225ee04685e0ba075f78b66b20f40b500a0e9da57f370f87e3c3c45a190b9d9d9e5e4e4d84ac4425b61ca577dfe67c25fc057fd6cf97e3cfcf7f5e0bee22481325d814704f8e0c2ccf44ca51ccf92098462dce68f47fcb70bfffc1dd322c44962b9582a14e35112718e449a8cf332a52289429229c525d2ff64e2df2cfb033edf3500b06a3e017b912da85d6303f64b27105874c0e2f70000f2bb6fc1d4280803806883e1cf77ffef3ffd47a02500806649927100005e44242e54cab33fc708000044a0812ab0411bf4c1182cc0061cc105dcc10bfc6036844224c4c24210420a64801c726029ac82422886cdb01d2a602fd4401d34c051688693700e2ec255b80e3d700ffa61089ec128bc81090441c808136121da8801628a58238e08179985f821c14804128b2420c9881451224b91354831528a542055481df23d720239875c46ba913bc8003282fc86bc47319481b2513dd40cb543b9a8371a8446a20bd06474319a8f16a09bd072b41a3d8c36a1e7d0ab680fda8f3e43c730c0e8180733c46c302ec6c342b1382c099363cbb122ac0cabc61ab056ac03bb89f563cfb17704128145c0093604774220611e4148584c584ed848a8201c243411da093709038451c2272293a84bb426ba11f9c4186232318758482c23d6128f132f107b8843c437241289433227b9900249b1a454d212d246d26e5223e92ca99b34481a2393c9da646bb20739942c202bc885e49de4c3e433e41be421f25b0a9d624071a4f853e22852ca6a4a19e510e534e5066598324155a39a52dda8a15411358f5a42ada1b652af5187a81334759a39cd8316494ba5ada295d31a681768f769afe874ba11dd951e4e97d057d2cbe947e897e803f4770c0d861583c7886728199b18071867197718af984ca619d38b19c754303731eb98e7990f996f55582ab62a7c1591ca0a954a9526951b2a2f54a9aaa6aadeaa0b55f355cb548fa95e537dae46553353e3a909d496ab55aa9d50eb531b5367a93ba887aa67a86f543fa47e59fd890659c34cc34f43a451a0b15fe3bcc6200b6319b3782c216b0dab86758135c426b1cdd97c762abb98fd1dbb8b3daaa9a13943334a3357b352f394663f07e39871f89c744e09e728a797f37e8ade14ef29e2291ba6344cb931655c6baa96979658ab48ab51ab47ebbd36aeeda79da6bd45bb59fb810e41c74a275c2747678fce059de753d953dda70aa7164d3d3af5ae2eaa6ba51ba1bb4477bf6ea7ee989ebe5e809e4c6fa7de79bde7fa1c7d2ffd54fd6dfaa7f5470c5806b30c2406db0cce183cc535716f3c1d2fc7dbf151435dc34043a561956197e18491b9d13ca3d5468d460f8c69c65ce324e36dc66dc6a326062621264b4dea4dee9a524db9a629a63b4c3b4cc7cdcccda2cdd699359b3d31d732e79be79bd79bdfb7605a785a2cb6a8b6b86549b2e45aa659eeb6bc6e855a3959a558555a5db346ad9dad25d6bbadbba711a7b94e934eab9ed667c3b0f1b6c9b6a9b719b0e5d806dbaeb66db67d6167621767b7c5aec3ee93bd937dba7d8dfd3d070d87d90eab1d5a1d7e73b472143a563ade9ace9cee3f7dc5f496e92f6758cf10cfd833e3b613cb29c4699d539bd347671767b97383f3888b894b82cb2e973e2e9b1bc6ddc8bde44a74f5715de17ad2f59d9bb39bc2eda8dbafee36ee69ee87dc9fcc349f299e593373d0c3c843e051e5d13f0b9f95306bdfac7e4f434f8167b5e7232f632f9157add7b0b7a577aaf761ef173ef63e729fe33ee33c37de32de595fcc37c0b7c8b7cb4fc36f9e5f85df437f23ff64ff7affd100a78025016703898141815b02fbf87a7c21bf8e3f3adb65f6b2d9ed418ca0b94115418f82ad82e5c1ad2168c8ec90ad21f7e798ce91ce690e85507ee8d6d00761e6618bc37e0c2785878557863f8e7088581ad131973577d1dc4373df44fa449644de9b67314f39af2d4a352a3eaa2e6a3cda37ba34ba3fc62e6659ccd5589d58496c4b1c392e2aae366e6cbedffcedf387e29de20be37b17982fc85d7079a1cec2f485a716a92e122c3a96404c884e3894f041102aa8168c25f21377258e0a79c21dc267222fd136d188d8435c2a1e4ef2482a4d7a92ec91bc357924c533a52ce5b98427a990bc4c0d4cdd9b3a9e169a76206d323d3abd31839291907142aa214d93b667ea67e66676cbac6585b2fec56e8bb72f1e9507c96bb390ac05592d0ab642a6e8545a28d72a07b267655766bfcd89ca3996ab9e2bcdedccb3cadb90379cef9fffed12c212e192b6a5864b572d1d58e6bdac6a39b23c7179db0ae315052b865606ac3cb88ab62a6dd54fabed5797ae7ebd267a4d6b815ec1ca82c1b5016beb0b550ae5857debdcd7ed5d4f582f59dfb561fa869d1b3e15898aae14db1797157fd828dc78e51b876fcabf99dc94b4a9abc4b964cf66d266e9e6de2d9e5b0e96aa97e6970e6e0dd9dab40ddf56b4edf5f645db2f97cd28dbbb83b643b9a3bf3cb8bc65a7c9cecd3b3f54a454f454fa5436eed2ddb561d7f86ed1ee1b7bbcf634ecd5db5bbcf7fd3ec9bedb5501554dd566d565fb49fbb3f73fae89aae9f896fb6d5dad4e6d71edc703d203fd07230eb6d7b9d4d51dd23d54528fd62beb470ec71fbefe9def772d0d360d558d9cc6e223704479e4e9f709dff71e0d3ada768c7bace107d31f761d671d2f6a429af29a469b539afb5b625bba4fcc3ed1d6eade7afc47db1f0f9c343c59794af354c969dae982d39367f2cf8c9d959d7d7e2ef9dc60dba2b67be763cedf6a0f6fefba1074e1d245ff8be73bbc3bce5cf2b874f2b2dbe51357b8579aaf3a5f6dea74ea3cfe93d34fc7bb9cbb9aaeb95c6bb9ee7abdb57b66f7e91b9e37ceddf4bd79f116ffd6d59e393dddbdf37a6ff7c5f7f5df16dd7e7227fdcecbbbd97727eeadbc4fbc5ff440ed41d943dd87d53f5bfedcd8efdc7f6ac077a0f3d1dc47f7068583cffe91f58f0f43058f998fcb860d86eb9e383e3939e23f72fde9fca743cf64cf269e17fea2fecbae17162f7ef8d5ebd7ced198d1a197f29793bf6d7ca5fdeac0eb19afdbc6c2c61ebec97833315ef456fbedc177dc771defa3df0f4fe47c207f28ff68f9b1f553d0a7fb93199393ff040398f3fc63332ddb000000206348524d00007a25000080830000f9ff000080e9000075300000ea6000003a980000176f925fc5460000567d4944415478da94fd77b4a6e959de89fe9ef4a62fec58bb725775aaaece49ad688526886430e20c039c91c78785cf302083bd6cd60cb6670d4b306373bce61c7be03800637b3c3636023192412010128a8d126aa9bbd4adce5d7157d5cefb4b6f7ac2fcf1bcdfae6a059bd96b7dab7655eddaf5edf709f77d5ff7755db7f8ef7ee67fe0f8a9dbd8ddbc44331b33dedfe6f2d5cbec8d46f4070ba449cae2c202276fb98d430bcbdc7adb29b27e9f2b972ff09573cfd03a502aa1c670eaf45dacad2d737de365ce9d7b861347efe0aedb4ed1b633cab6616f671f230357af9ee7d5975ec69884adedab601d956d79e5e2459430f48b82c44894d6e0c3d9aa9e9c4994bc2d91e2f468b47fa275f668a2cdaa567211c4c0fb90b6de32abeb3a20c6fdbcd81bf6b2ad7e915e55497a7961909c57d2bf329dd62f04782ecb0cd3594555b72c0ffa34d58cc1f1537cdf5fff3bdcf3c0eb489314e72c21803186f821e22f21dcf469e02ff231ff3a21040441e0ebffdd8ddf8b7ff9eb1f6434dea29d4de92586a7cffd19172f5c6032ab18f616d046a2a460616199b54347593bb4c2a3af7f23172ebdc273cfbc809409b2e8b370e828bedee2e9a7bf445569ee3cfb2047d71668a63376763799542da78eddc2f90be7f8c29f3dc1caca12d7ae5fa3a91bf23ce5eae6261223b4e10dc063b6691f0df88712291ee81b258c02ef2d46298cd2386ff1384410581ba8bd2320689da7712dad05a335799e31e8f5280a4d6a4c70de3f5d56b3af2c0c8b2fb575fbc559d97c7ea15784103c7261916ffb2f7f827b5fff38fd22c7398b90122565b7200221bef121be765dc28dc57bcda28010377f6d40bce6bbc40fbdb8b2885281feb1936c6e5da67101a55396160aead661eb0adb36a459465e141c3d7a9224312c2eac72f254c3d6e6757676af72edf20b5cbb7491d24bce9e7d98220dacaf5f627b7b83d964c6e993b7f3c20b9fe399af7e8d23874f7075fd3cd3e98c442ab379fdfae3833c7f8727bc6d3a2bdf42f0083ca9162c2429cbb941c9805406254120f05e124220c880f7605dc086406b033ea434c1322d5b26e331d359cdf2e2029e99305a3e38ec650feeec947f2d4b35cb0b832746b3f2534aaa4fe8bddd8f7ff4fff817ed747f8f47dff1bd9824c5d916ad3521c49d2e445c9470f3a1f1a23b43e1e06be81ef78d850807072d100e56e2e6a50b02b4d49aa5e565d254f2e22bfb64d922c15f234898ce4634b565757991c6393636ae9067090b4b431616173126e1dad5f3549311b6b50c1756584972ead90eaf3e7f9dc964c4b56b1bdc71eb19ae5cfc329ffecca748931eb6ad09dedf3fc8f4f7e459f1dd8796fa8fd7f50c6b1b16d33ed6366825c8b521d38ad5618e510111025a6a821458ebf0d62314f810a89c655296d4ca622d18349952f4d2c0ceb4627d7393857e814b7a3475cd423f636f525255cd5b0603f396e0c5dfaddbf071d98efee8f31ffccd0ffb6a7ceedeb77c17480d805212173cc17b8450af79c8e1e64b2dc4ab29742b11422074a741740f3d8470b01081f9eac6efa2bdf72c2e2d72e1c24bd856e28345a80c952832d36338c8304651978eaab22c2e2c53ce66a024c3a525ee7be831248af5ab17f9ea534f514e67583b61bc3f623cd9e3c8da2da459cd937f7e8eb5c54388d03eaedae9bb7a49fa03bd6ce154a625832c234f57510a9ac652d525d607f09641aec98c00ef48b426351a29053e40f060bdc53a4759560c8ca4b49e69d5d23a4feb5a12ed313265543976c7334c1218f406ec4f6bb24411846634f318d9901af5f8b46c1f2f77f67ffaa98ffec1efe526ffc0a9075fff7194204889efe2c18d53103f7ce8ee24094a88789a0808e4c1491161be00e135b75a5cb0f9820a74bf3f20044f503922d56c8dc70c1617f1c1e31d2c2d2f331eede26dcd6832e26b2f3ecf630baf47cc2a860b82fb1f7984b6993199ec72f6ec3d5cbff20aeb572fa3a4e7ae3befa597492e9d7f9e53ab87bfada99b1fc933fdc399d14b04cfcab0474f2bfa49829401ad044debf02c32ad5a826be9a502a30489922825e39dae240268adc77b4f59d7ccd28cda5acaa6655256d4aea1ac35d3a6c1288f91024f60773a23784f9ee708919227922c2df0ae643a9b91a639cef953d737c63ff3f93ff983772749f63b773df2b6f7993cfbd3b81102dec74728a53c3821f35d2f882716111f30372d84ef5645744b45888b79d3daa2f32c657b671b171cfb3bbb2c0e9629275b24bac7daea61aa6646af315cdbafd8db1fd3cffa24da302a2b462fbd4c5a641c39799cfb1e7c904bafbc8c6c4b16868b642627d196ab175f7ef8ec2db7bebb994ddead096bbddc202588e0c9342c0d062452a294407551af6d5a6aa06e4b6ce318a486440574928308c810f0be0502ad0b9475c3b4ac689d67569514a961da3494a6459715b3bac268894e34f8c0eeac66d6b42c8b214992d0342d524ad2b4a06d1d464b84145cb97279e9890f7ff0bf595a39f983a7ef7df0df6579f6ef82f75ff62110824729f9da807ef3e7e2ebc275975d1d2469e29bfc1b403bdf52d50dd7af6d50378ee5e525b69b92e5d563f48a848d6b25b69eb27ef52aab2b87510afeec894fb174f4146533657f7f9fbbcf9ee1fec71e25e0e9e719cdb4a497e84135d9f9893b0e2dff7868670fd8ba22f11645439226d46d4b5d8e4995263719462a5c701863b06dc3a429a97d46b03048154643e302a94e20f878d4bda37596d63aa6b392aaaa2813452f4998342db3bc214914bb639854250bb942aee44819d89e5ab677f7f0d6b1b430444a906942af28989663b40a48a579f5d557f9d41fbc6f6d69f5f0df2e4e9ffa0e95997fed9dff973ef8b152f21b1e68e862483c13e1463c09e25be4c43716478880dedad9c30718edefb2b8b44cb9bd4ebfbfc8e1a3c7184ff7e9f7077cf5abeb041f58595c667b7f9fddc90491f7b142f0f24b2fd18e765818149c3a73865ea291e5ec1d990a3f69abc51f0dd59450cd90be22b41502d052d0b433cac910e52c788fd602eb1d3a29404896b1ec4d2684d692268a442b021ea5345248bc7378e7b1c151d7359949a8b294aaae48cb92ac69999529b956a452b329606f3a23378a638b399969d89d3ac69311adf51c595ba2b50e210483de90d96c82c093988ce7befa158e3ff127bcf3e88f3fb0d4efff63e00d21845f93527ee29be4bd071998e0b569eecd3995f816aba247a392d96c1f69058361c6745b70e4e49d2cad2cd056337667bb6cefeca175c1d6ee36d960482615fb3bdb9cbcfd1e26e11a1b9b5bbcf8e4930c7a85585c5e7a8fccd3f7642a9c0d758db743700da2dcc73b87f00d2a405d4e287a03847308efb04d8536fae0fe9542a233435b55880089d2e84441f00825c0c7dde77ca0ac2ab2bc6236d36475426f30603a9b31994de9970a2d354a402225e3a64648c5b2d0044a9484b229b9b66539b4b442d354785f90a6054a04aaba466acd9ffdd17f6475ed18eff82bff25459efe6808e12121c43f05fea908bc36df12373feaaeda383839dfb478b9716505ef68ca8a85c545b20484d62cad2c617d4b9e26acaf5f62bc3f214903fd8505129d53f4fa8cc6330486fec222938d929d9d9d5bafbffcd2dfcad45d3fdb1bf6102a9024097807ce221285f31e6c45f08e3c2fc037d86a8622e09d273887777597457964aa71694a700e42c01883081ea139b80ebc0be84493d994224fa9cb8aaa69c8524d9618cab4c2184d9628d244a346133c25c13b967a1e2505465ba64dcbd5ed1d8e2daf309994644b290841920a8200e13d1f7edfbfe2e8a95b79e0f56f446b7d16117e5588702741fc1301af42773d712350c8eed9077153ea0b04e1bbf02eba8c2c1e292d7ccb743a6369790d576e90998295d555cac93e33aeb2b1bd45dd38846a3149c6c2ca1ac62836762f515525c1d5381fde5ccec63fb779edcabb122d39f3d083486d1004a494486f71498ac1111a1fefd92c10ea0aad24deb668a5f06d43b09a103cd27b846b5152116c4d081e2124f878d7c6dd26515aa0138db61a2d25da28d236a5681a52ada9f38ca248c98da148328c314801bba2419980368aacb6c849c5b86ab9b2bdc5d1e515aeedecb03418a2b5c468094ab1bfbbc347deffefb8fdecfdac1e5eed7679f859813809fc2fc09f0511105dbc38488f6f3a0d42c44c2d6e2879d3618a5fa3defef6ef02693876ec18b3f13e2bab47c98b8c44195e39ff225ff9ca17a96796c160c0b113b773cbed77d1eb15cca62386cb6bd0367fd93bf7dee52279a76a1b860bcbf4524d9e25e07d774a7c5c98f92e910221044ac6fd21b5012950462195402a0542a1954210a10ba13522801471574921412aa449baafd10811f12fa3145a2bd2d490a586343118d5fdb952286990521342ac4394d064690602a675c3b4aa31498a088254a7f8e0d04a81345cbd7c89e3a76ee5cebbef274b53126548b4bedb687dd668bd9128f382d19af832e8eed7441b8c3618ad49e67f6e348932ccbf5e2b83dedb9f72e2f49d6499a2ae6bfa0345d3389a6a9bbddd5d66d31926534865e82dad30182c524ff7d146e0acfd913c4bff7ea6c4fd69a170e53ed2d684b665b6b5c9e0d01ace5aa4325ddae71146205d1b3fc7137ccce5a59bef1849f00e295a425048a5718d072f091a9480e003de3be4fcb82b85f0016d5294d75824488dd22d26b1f12128499619d23c23d1397932a69716ecd60d5777f619eded336b2cf8c0b499a110247d49931a82f3e47946cf64581ff8f06fff1bee7ae051eebdff6ec0cf83c65b807f00f480f77d7d26fc8d39d637c1bb0868eb3d0b8b0bb4768af3026b3dc35453ed077677aee0ac474b8340d12f16e90f064801799afc57aeaa7ea1f6fece6162f0dec76ba7ae62dc50396dd3220908dd654642a1b48c39bab37829102641b40d41c43b540881900a8424f8f835d21b840f041f4f94900ee14584260848a9f0c1a1b4c6398192a00204eff1ae45694d9a24286d48b31e45da63713864693c636b5682d2ec4ea6344da0b41e17043bd329a931c8594049c54ca7acae2c902429972f5ce0c3bffbefb8edceff91413fc5dfc87def077e09d0047e53cc034697fa7eddedf54d3e04b2e82d321c0ca8cb0aa30d452f47044be56b76b7b64874825692c585212bcbab24698694e147fa45fe0b5539b9d3b72d21047c5ba3b30c6b6b7c5da2a4c4b60dae7b4320904ac7072f2542c878354945ac1445874178840848413c3121d603524984d20421411a04b16ad7dac4efd7bd8c49d02a4529834a0b944ad1498a4a7bf487cb2c2c2cb176748da3c70eb3b43a2404b0adc548cd5291b1d2cb28128310b03d1ae36caccc77f6f7d9dbdb8dc0ea7091273ef2873cfbe52749146804460892f8ba3311e21712297ec4088116020d18193f37f2c64bcbf8efe62f2d04526943aa1c93f136fd7e9f2c2d68826777779bd178820b1ead0dc6e4e48305522dff32ceff7d5bd777e29af84d8d01d792a4194a822ba738dba294c223b0015c0c1e78a122c02600a1bb98a2904ac52bcc39bcf7046f0fe285901aa1e24b6a15013fa5625229244a2a943620155e48844e10d220a54267392ac9498a01496f48da5b202d0a8a85026504bbb319e3aa21c972560f2d727265855b561739321ce0bd677d7b17671dae6db9b6719ddd9d6dd22ca399ccf8a30fbe9fb201ad40c61c63feba13c9df47f297bbc38e88073a16a0dd8693dcf8f3f94b0f87436c3ba19ad52c2f2d90a69ad16ec568778b723a822048b462697185e1a078735d973fdfd2de2fbdc0647d4490283cb48e3c4951a126d415a12a11598e4a3ca16de3bb56dd6258815009d8b25b108df7b1f780d210628409f87855c908b50b0582ae5217117627f8ee5650487d03ca0822d62c9804a19388d27a4b3001556b7c65d99b36ec950e2b128a42d30b092bab055902b3bae4dcf96b3c7df11a9bfb7b1c595c6652cdd8dadee688d6f47b39e7bef859ce3dfd346f7add03b4e2eb0abfc0fd017e3e087610fc5997e57625a0f8a6579710a01393b03fda83a048d38c593561b437a2a9678c46fb2ce48bf412432fcb6ef5b6feb9c6d66fe9e7197b2260f284142812434a46a240552da12cf1e311a2e8c5b8a0342198f8c05d200845c02185240441f0b68b7e126420b80e84f3e0c58d7431467fd5fd481e4d82702ec69bee6128a5f0dec745919ae0e2490d42c598e52c8d6d79e5fa0e4fbdb2cb6e19d0c6902bcf83b7decebdb71c22d892cd9d314bb921b896a72e6e32cc7394549455cd686f8f858521d7d7aff0d10f7d8037bcee81ae9e786d8026f01681f8b910c2df0988570f10dff0ad3a8ba08f1c394c35bdcce1b563282dd8d9d92778c7c5579f473a433fcf484c1089567fabad9b770501bd44139a92615e60da1979969291a2bc274d3394345d31e7400a6412d35ae71d522a8213c82010a20bde2100ee06961d425c2c098258cf781f1042c75d160441a888df49118b2d1f10322e8a441064ccf53d127cc4bd42f04c2725cfbc749e275fbecab86ac90cdcb6bcc89beebd93e3470678a02c0790143ca00c01c176e5d999cc38b1bc4459b74c2613168b825e96f2a93ff923feea7ff3539c3ab646eb6eceace6f83aef027109f85bf375fa664dc5f91fc92285d6799409285aae6f6e638463ebfa558eac1da5d7ef334893f728637eb6b7308839b9083867318926d50a612d5a38b4f208d9129445250aef5a826fc135045b750d1c0bde76d0748857c9fc741062805632167fdce83f4b290e624f0811c09e175ddefb9837749bc0fbb6fbbfbac24c047cb034b319172e5ee6e5cb9b78eb5848e0c153abbcf3f56738757cc068b2cbfae6269b7b632e6f8d595b3bcec3f79ce54d779dc208416d5b8c528caa19555dd1cb33ae9d7f89273ffb7900da10bb96dfe4f5b336f8f7d8e0bff1ef7cf7ea7eafc7fbbb082fa96613c6e5943c5fa06cae814f3874e810c361ef1de3abafbc47598b6d1d420a4c2ac98c6636da6569b18f5201153c4a80f30e115a82ada0ad70b5c23b8b490dc296200d08227c6e1b8414042f9028ba4c16bc23b8a6cbcc54d738009cbdb9938df7110c9c431228d9dd0782601d4178845604db12ea29dbdb7b6c6ded2182656560585c5be58e632bf45345db96ecee8df8dcd72e7379639f69e5b8656d99476f3fc5b73d78372f5fdde4b92b9b1c5f5a44a09894252b262101ce3df905beef87be1fef7c77826faa354277f722de037c95103e71b0f9be49a5a2eba602e7100246554dafbfccd7cebdc2f2ca31969717072a943fb9db3667bd6ba8c7bb043c7e5a32e865282d5146137c834620bd438b9884bba6c2b715288952bdf816da06a1032278f00e19babe9ad2316e88d075d00428152b72ef08800f1e2565fcdcfb2e307abc0f28c98d98d35d7907b09e6bf1ae6556d64ca653bc6f58ee27ac2d0f39b4d0a3971bbcb75cbeb2ce073f738e8f7df50a4a6654b6e5e9572f5355158fdc752b3ffc971ee65ffcc127a9db8654692665c930cbe9a705cf3df5143bdb13fa450fefed6beea3b83f0204ce22f84982f812c28e6f5c52ddafa12b90b59211612550b7d0efe794e39a857ececa91a33fd14c473f9aa4052631d44d8bf4019a865427f48a14671da299a0f09180203cd6b6386ba169c03648d7e2bb2a38b816ba7e787cf421e6854ac7f456c4ab484a75a391d3911e622b34664bdeb6ddbeea5265eb083e6e2c42200862ed12024ddb30ab5a6aeb314a72f6d4096e3b7e88619120bce3e2f98bbcef634ff29967d7e9a709678e0c79ebdda7995acf675fbcc2e5cd5d5e7fcfedbcfbdb1e45b986d2b6482199943324826b17cef3d2d79e0529b0cee1bcc7398f730eef639bc03987b3ee479db73fe19cc57b1fffeee0d716ef2d5204874934046881b629b1ce9216bd8707bdf4c7c7a33df2b4a048529c6d488c26931e1124a19e616d890c0d2695b8b6228416240805adadf03e2e4a8c23161140a858ad0721f042c614552ac4416dd1edf2e0e3a2f8eed7e0e242f8589dc7c58b4da2e07d773062376f7ea5851090c163ab12e91d779c3cccd1437d8c89eff1fab54d9e78e60a1b6dc17df73e4abbbf8d6dc6b4fb9738bb3a44e1d8194d198d6a7ee8ad0ff3733ff4364e2ee56c4c464c9b86da399a6aca950b17a9ab08825adbe0428b0f16e7db48590addcbdb1ff7de3fec9ce3352fef70c1a25be7c9b394ab97cfb3345862ebfa253295b3bcbaf4ee9d8df30f344dcb429e23b546d91ae172900e253d788f9f95a8bec175b5447020bd07db22b21c1924ceb648257108d02666544274e96a072d78819c57f1eec6dd1a1f72471ce8d25921bbb3e102b243569590041f408983d43774d797089e3c111c5fed93f7728414b860a8a7fb3c77718b8bd3c099871fe5fe47dec4ca027cf9dcb3dc75ea16863bfb2034b70c33fa8524eb257ccf3bdfc83df79ce16ffff3dfe1d52bdbac2d2e21ca315bebebecededb3b0d08b69b78f206aec16dec444810710bc9bc097bf19a225bd75b8b6613ab1f412cdeede3e83e1d2b71d5e3bf6ee4b2fbd805106e13c5a02be89e96b5d9367298d7324a9224f142a38940cf840ec7b1062dc70ee800518006f9b588bb880e82a6c21227a1b7ce8f84fa2ebe984983efb10ffcec75acf7b6200edb852cc591f5dd6362fb2a414482951da50f4fb1445ac25020ae92d57d6b79834863b6e3dc3f77fef3b79c7ebefe2dbdff9fddc7fc7698edef5306ba76fe5f8da903b6e3dc4a1958cbc67287a050f3c7007ffe2e7ff3ab71c5b607b7f840cb0777d9d9d8d4deab2c6fb7845d9d6e25d2462586b0f4e8377feddc1f96ff3d64514a07b59eb90ae69a9ab1a2925a3d91ea1815e6ff0235e4ed6363736912641278a101cb6ad69da12695b32138ba6f1641a915ae7d1522094c44b81751ee75af02db1c1e76280f5e1a05a85aea093117b882434192116e2c2783fafc40507bd9f20bac58b750e52de680cf9189994d68027605126212d72d22c436a8d0f50eeed339906b4963c7aef039c5c893bfdbe07eee7fb7ef0c799ed4d51ade5c42da719acae20d3042962516a03dc73f614fff86fff75168639b3daf1caf35f61361a331e4d084ee05d97e1b71edf7a820d072fdf8635df861ff13636e6e63126588fd44a707d631da10c3b9bebc8e01fcfb3ec879f3df7245ea448494709b2d8b2a2194d9140eb1dadb578d7e2715d5097a4c674d5f8fcdfb504e709d6757586006f0932167391ef27baf02ce3f5e443cc14838f58185dac51bacb7e6bbc8f358eb74d8c194a74f85857d50b8154916528b48c0d3321b06d4b686b269309595a70eaf4694edd790b691b217795a41c3db1c6eaca02779fb99337bfee611ebcef5e7a8bcb289dc7344408cabae5f58fdec3fff437ff2bb25470edc2455e7de1ab48a1706d87467b119b55de830b1176f0822e3ff96142783c74b7052e3e0f2db460676fcceaea31ae5dda47e9ec5d32b14bebe75f4119857516474e63034ab458579369c1ee2ce6fcc1350821d0c1a38d464a851212df385a6331491a1f54d7cbf43e2013c39ce324444c574350081d0971de07100a17024e09702db629717585b76dc4c694428908402aa99126e9c0baf97f466c7ccd2f69ad08ada4ae6a9aaac2b69e3cf12c6639856d090db44232bef20cd79e7f81078ead72faf471960f2d23291154f8b2ecaed7f84dabaae6fbbfed2d6c6eecf03b1f7992979e799abff41ddfd7210de22636893ae006c7d500845c12817785103e7e3334a4ebd9946a56329bec5095f5fdab47967fa02cf7d9dcd862d85f24380b4120b4a66e27c8d290a70b8450329b4e40389454a4992178812340a248b314a135168d0c022d254229a4d6046d62f623556ce72a1377785de2bdc2eb1cef1bacf534d59472b4c36c3ca19a4ef078daa621cf721673439e194c922043400b45d01a9526b148140e653a6284adb16544189aaac65b8f112978c5fef3cfd226f1f4a548ee3b7d8ade6241bfc891ed0c6727e03c52c57e8e081ee70541055adbf0637fe57bd8b73dd6c79ebded4d4e9cba3542468203ac2108901d2231c7e764903f00e137409c3b2039ecef6c53148bec6e5da1adabefc9943875fee5e7d8da9bb03c5c8e1992ce09bea1691c89ae506205eb2db5b524129417a4591e77bc34901588d4604c0a4ae285c47bd9b56a25c207bc90200c42198294e01c4e4abcd1d8baa1dedf63677393ddbd5dcaaa623c99105ca404a552214383d550775754aa52bcec9a565211ba562da245e011c121a5431b8db58ea002623a65f7cab3ecf696593d799c3c4fc8124d2e1cbadac355dbb4329e2e692442a5f1442b8592094eaaae9b98f2eeef7f3bbff9f1e7d9dedae2d41d7722a063cdc76cd17fe31941c229e07b8073f3febbde1ded93662b6cecef9b54abef0ecd84a7bef224599ae37034b6451b83b735c27bd22cc1188d73b15aee25021f9a180904e82445a804a1342883d20932c90949469026d22f556c32911548a9f1b6c6e1a96625cd6497d9fe0ed7d7d779e9fc45c6e3298916244a91669a42a51446d24f43c77684d67ba477186d903a8da8b24e094a208206d12255206d7be4a5655af470c272f9c26596d6ee64e9d449849da22991d663f72cc1486c91a07a7d84d2e834d66abe758820e3630db1a7ef7de0d052ce77bff9415e6a2276a20e7425070fff9b7e0e7c37f08f25b42236b312822b69caf2f1417ff9f1d9648babd7b7591d2ed35a8bea76b0121e0bd8c6a245178285a4972628203522d230854013304aa38d0195c41e87523821e2ae950691e6a0129c846a5a31dbdd66ba7d9d9dcbe739bf7e9dadad3df6aa2909b1b995f612960705c34cb354a4b1b0c3e25c409bae87e23c52c48d20744ad01a21432c56438e1ca4f45b4f6b1b4cd2b072f676160687916182f78eda96583c2249c8fb434813844e515a622d680932315d17d49098229e7a3c38cf99c3297539a06e5ad22ceb404ff19f16f3c0e3021e073e12b9bdfd011bd7ce331bedbe63657195ad8deb7817a16bd75a84ce0187ab6ba6a563b1c8704d0dc1d1b60dfba5432619461abc12680d3a5844473e9689419984a0344a2778145225782169cb92e9de2ef56c423bde65f3da555e78f122a359495d96d493314b8b0bac2cf7591a24a4ca6314946d8334592cf09c85b689d0bc4c50ccaf2c8dd0296813c14e5f833224870c8b4a22772c18c56456e36bd05a23d33e4996910f7ae84cc74e1f808d3a942005c17b64d716145275a43dd1f5fe6b4ea625231f9052805007a836ffe97579c7c1827807753913ad176f2b527866f35acc6e9ca36a1a161732080ea314a9311825102102685b3b9b0cc5024609acb5a88873e08347581bc3998b18939406e9428c29de53edefb0b7b54bb53f02575395632e5dbc42db36b44d49263db79d3ec6eaf2009942aa3d4ddd20f0bc747593fbef384d0881ba6911ad20c52052303e80b50867114916af46692024115d3605699631d4096c6fa11381977947231268256eb46385c74b81d212ad62ff464ad5414349bc1a91f16bbbfa67c808275a821068e9f141dca8a16ec6755f2b9f7adb1c82d4d3d92e5555bd8110dee2db928dcd1d9cf70829685a4bd61fd054135ad9c3b6122d7b88e0515a33ae6a7a69cecaa0e88aba70b05ba5eeae116f91d6a23c20234e554ea64c2713c6dbbbd4d37d9a6646559668a9e96509b7ad1d6375a98f5182aa6dd91e6db3574e7975fd3a655573eed29843fd8cb543cbd4ed7c37662891602c48ebf04d834cfd0de0928ca01abc8b54d2ecc81954be4cb37f253e1d9de07d5798cef9621db4cf7cc74b8552091e90d274e40cd975312d78876ec60ceaabb4fad00173f166414ef71dbf9e1ef416086f003ea7c7fbbb6c6f5e7e6c68865c5abfc8d6ee2e40dcf152426869aa196d922264467016210575dba0a56665a14f3227b7cd59c64ac7eea073378041eb0906ea69c9eec626e3dd6da6933102a8ea86344d39797c8da5fe2de41ada7acad6ce98d178974ffff9d3bcbc3e62260ce3b2a19f267cf873cf71cbea02779d3acee21208ef6830481113092d62834cd9ae9f0f0893c687e75b825098a513a86c80dbbb48702dc2c436b350e620fc1e0874e83a9648a48c8c301100a5236aad0d044b5012bdbf8e3d7207322d6ea0ebff595696784cc0e7f4787783727fefd1e3a757b870e11a75151b43ae233357e33d7412b306ed0c55158ba3542b06598e5281344970dee391042511c2e3a5468480ea003ee71cad2bd9dbde61677b8b6a3aeda8409aa3478e311814e88e44d74ef798ececd0d463deffa79f65a3e971e7c3efe0d31ffb30ebeb9738bab240ce61729332d8b88694824224f86409952fe082c20b818ae019c1b64805010326056f40b6f8668ae82da0cc6df89d4b8466d63d4043770c1007a723524744d75ac6dbb86002848da97550065440b553ccde06f6c86944782d017bde790f5fa70615f0680802bd3f1d9199ec21ef6ab6f7f6a9ac43cb289ee9e539d6c68c61b1d767677b44e903fd5e0fc33693d90489224d0ba6b31132c94832031de74a0a8190e0830067635db13f220481d10959afc7cae1c30c979670cd94b62ea3c8d2c3d5abebbcffa39f66470cf9c1ffd7df401d39ce97befc154e243d8409ec6d6df0fcfe14393bc291b5354c6850ed98b6e9d116190685f401e11cd27982f408ef09a858fb281d1b63d504610af4f249fc680b57ef81ab001d41e98e541117a80334858881bd6d10211094ba81cf498d901639ba8e583b1da1a29b3485df78420e3e7b48888076557d76613878c0b60db3bac57a4f2fc9f0ce92a509de79b23463906826e37dd65656484d42632d755db1ba38c4ca7807479a8f441b834220134d100a153c4dedd9ded943484151f43169ca706599ac3fecaa6907b6a61aefb277e515fef48b9fe7c22ce3affe8d9fe6eceb1f452503defadddfcba52fff2957762c6b3dc7f6abebec5dc979f185ab0cdeb0cc42e2c1b7381f70d2443eee0dfa60d7c012e055bc6ad2223e8f6a46301231904863a01c13bc8d38948d726b2165d7d50b081b0889eec87d2e2e4a08202da0224373b68dab4b42967fc37d753357e035b03c9c95b26dcf14c688abd7af319d4c91028c5208141a09ae6671a1c0e86ec78b80b39e69d96064c2d2c280101cde18b451e8c42085c47a17f5732ad23cb736b7515231cc32fa83014b87d7487b7d9456dd55a0a9c7239a9d2bfcdec73ec5c79edbe1affef4cff2c01bdec0b0d0f4fd1edffe1defa458be8dfb6e3d4e534e3975dbaddcf3d8232cacad61bd6456fb8814445550c76a1104cf419d1cdc1cbff7f1ba303921ed814ac164886219313c8a2c968196d08ea19ee1ab09a1a9f0ce12da1aea0ae189bd9bba46d836922c3a461976862cc7a03a82f8fcc54d94d9ae46e93e174288335a097f5ba202ebd7afd27a17757e328292a16dd046324c53a46d7041902606291c6555519735459ac753117c14d578893049c472501004ad73585bb332e81194a2b7b488495364a7a895b6c5d7137439e2939fff327ff09557f8aebff26e1e7af35bc9fb39da4e91aee15026f8e19f7a0f7ffea1dfa35fcd78f8debb59ed4b8cb0983423a82ca20352444a5027ca141d7530844ef83f6fac381faf14952072456813445b81a921cdc10cf0a36dfcf6c50818663d90b1b9269c8da069e858336aaeb87504db209c877a8c106bddd7758755be5657f89a7458709bd6229cde9b8c289b16d7017ed67b92d4108463797119db3a64ee68ad63a95720bda76a2ab222a1bf388c5077886c74a5746cc71a85d00aa134d56c4c9ee5e4fd1c99f7c97a3952e90e6eb7f87646bd7b8dcdf35fe3b3cf5f225938ce5bdffe367225222a200d4ea434d594e6f20bdcb694b1fc8e37736c98e3cb1d66538775a05124469118830c11cc0b1d6ccf9c3624214801a8d8cc1211f444685009c11844196f068c402e1d23a419cdab4f23aa0a910e505a7785a0854413a446f839b7ac13df048f68a61d85e9c6831737655ce21bad1c4e6befda1397b7b7b165842122354d92a50999512cf6fa081ab274013c0c1383348ab2a959ecf5181429d5748a540a6d1284d6f1872666242e809092c1f212520b4456e083402290dee3ad45b425d38d4b7ce4c9e77965b7e6a147dec6eaa123482570d58cfaea454697d7d9bb7e856a678bd595054e1c5e23090db59524bd212a49498b026d1264f00817ab6b29ba9deb052840c776b110d18880d08586aea61052205a4770be03252d21ed638e9c62f2d25318eb093a4566298180520908dfc13386f89f74640c5b7784931bd2e7f07532e8af43564ee82c498f8e2793c81bf431214bd284542af234c5b99a41de430868ea92dc6844f0d455cdd260152dc1b796b49f77e95ba4f0c42e5e6cb1a6bd1e3acb0e086f52c92ef970b1d7b1b7c9e5579ee3c58d3d1a07b7df7107e5de16eb975fc64d4b320f2631acadacb27cebad0cfa06dc183b2d49f33e3233c82c43e53dd23c8bc0869873b72c0a75c09c17731d4a083798f881030e313221c808b3e06cd447d6334cd1472dac30bdb24e31584477240bc714611542459904a4f3a67f4c8dc56b15d2ff1968eba8aeda7a7532ad98ba96e01d893608a929f284b66d48b4a297f55026a5092d2e78eaa6a5b68edb4e1c8bcc4fadd14912292dcac72d2715521ba4d2e82283d676b98e8d81d1798473846acc6cf3222f5ebecefad68444c0e5cf7d9cc59d4dee78e8110e1f39ca6090635241a23da29ae29b29c1b5b15ace32b4c9105aa18bbc4b48e627c0c6ce9d53a0dad88d5432d60c12d049f7563b0844cc33a02ee8b70d3425c1b620203f7498f1e58b8c77b6c86c4bda1b228d4167290205c176d7a23e9046ffdffc58d5d7b73616db20b0dea24424051825184f46883c4124112ab04d830a92e5c19099f7544dc3f1c53eb66ac8b38ce01c32490e4e0752e18948ecbc071080a00c4a49685a7c3323ec5d65fbea25b6c75342d5f0d899bb79f09e7b39fbe0231cbff50899f6182d10cd0c3bdb27d806155a821488b4875729cae878656629baa317c586764785742dc1765712f17d491fe94591942de34921c4871f7c8c21cd24d6294d45c80ba4ce30833ee5ee1e6eb48d770d6931001cd26728156147a1bbef29d401f15afc67d0c5ee6351cf66b381eddebc54122d201130ae2a96867d1aefb00142f01469425668cad6e2856438e8618343cba8358bf9b8409a1494ea30a6e84ba28cc13a07dee21a8bf420da9ab61a31292bdadaf1b6071fe6cd6ffb76d64e1f264d1549a8e2f76e6aa8a7dd8fe4630f3ec9d12a8d723621224d49a9eeee8fd206a988c13b38b02dd274b284b967950e086fa189d77f00443585720ce5085fcdc0466e32de403523cf874891504f474ca723acb5a4b641670d499601910c2108f18a9cd7e7e13f7b5d010c74dbdab46d5c47300b2825997547b4691bf6c6632abb0c5d8628bca3aa6a248234e97a1c4ac5fcc23b647068e741c71a24048712ba93b5890372759081c871f3b8ca71ffdd8f72c723af67f1d00ae9621f8524d809a2633f3ad7448e6e080853207582ee94be51411559261247702ed6206eae79171d694ee0758ad0268a48b58eb5435d216415afaae90e61ba0f75d3c51b11fb2adee1aae8f02072439a2e51ce12aae90c371e91b635c1f630590f2324323384e0ba80fe173e21a97621505b1b35d9daa0b5627f36a3d009fbd3296b4b034adb322e2dc27b94d45cdfdd41054f916ab450b10b2823e8164f453810cb1320a84804bdc18aa6930e344c266306476fe7d49d0fb0786889e02c124f98cb13823b00fa9c0bc8b4406745575b74e40029115e207c9739c9d011b305484bf06dec918814a153449a221213df8caba171112e69c6b4fbdb08276296a424213884d638d7129a194a0b241ae71cf9a0874953a67b637677b6c88a29c395d5d84b115155167bb7e22f1c447408a276cee5084196c4235dd61615140e8b739ecb5b23ac8b3f78132cfbd39a5426f492b8738475e854233bb434164bf1e108256291a46e2c84081eca3daaed2d92de518e9d3e46da1f208203e1912e8a4043e88872c1c7664f3e40262961ae51d42666760124362e42883a11d99df860eb48e1d43d84f14857431b9b5842760254e16336d5542469ce647f8c0f9e5ed6eb7a2b013fdd8a54595cac5b9488aa3a29e92d477cedeaa5cb78ef494d82ca126433a36d2daa6bfffe053e6a5db56e1c20170884124ccb1aeb2cb58bd4cf6bdba3285516062105d3ba616f56322c7284b7b8a641e958886103b2935047d94c7c58788b941aa42034650ca632253d7492cc648834433a8b0a02ef22cd46e2e315a36484608cc648d53584f481ee90e091d88eb42d102232eb2385b289fd7a6b2135c854225d243b504e095a216c4d08355234d4cd2e9ff9f04779e18bcf72effd0ff0d83b1f273511cbc23704220f0d99a04c747a308924ed270c0f9da0b7b8c6ab5f7d9a7e6f01335c443463684a4436e02f68cf38d6655ded4929d61082dc246cec8da232d539ea36b03b99a11464d9024238a665cdd59d7d7a69066d8b4bfd81a643747035c2a2a2582412024c7c70428a6897a753700d5a6848d288038910c5901deb3d74a2d1d847edacf54297522a85907a0e19223bad9408d1c68310bb94a129bbecacc42f0c305589b22d217308ad628fa6ad90b662b6f1321ffaf7bfcdce8531f7dd76967b1e78002d3ca1a9f1a28c5092d01db2ab915ea24c06260165084233583bccf2f1e3eced6db374cb49b035cc46301cfc456fac3d5d5bbb25823c93a868d032a92a72a569aca7f5965955b32b604164f432c5ee78caf674ca891387914a4466a2b50493208223b40d1215037c924440b46de2434cf3d80422c41ebb4a6266a6a3cc39b816197ccc8a101db902948f0c4674124f818c712bf8d0b1df438c35ce46b663db2502f50c5f8eb06589d363941738a5906d4ec812100ed1d684e9165ffcbd0fd163917bbef331d6d60e530c12ec6493a61e11fcac6bd77a4248502a405004242a6844afc0b65326db1b0c1616d81defd25633d2de00a63b387f1cc96bed35beb9a540d8d2de87ab4ac052bfc7f67882f7012b622fd87ac7b8ae515ad3b31e9c646b326554d6f4724de35a52a762f0722d6889b70d121d09d3a26b610a811249bcd65a1f5987fa06014076c69052aa2edbebdaae7344d47b34e200938a455c4088f9a970317d0d91ef2b438bb735d235b4d50cdf34b8a6c4491de578be45bb04e11bb03346ebafd05b38cec97b4e91f653923cc18b1a3bdba52c67381f35281a28f284241b22d3c334e319be9921a63376ab1d26bb1b0c8605a6c868eb9244809a6c44ea50aa2275567ceb9e2188ab5a497559484992485ed91aa3a5a4f5a103c404b575d4cee182274d52f66735de098a4450ce4a12ad22d7d6ea08262263db56c88ed3ea90c6203b8455aa84306ffa08157522ceded4f58fbc2d2115121351d48eb92ca48cf1bd4be4820808eff06d0dd6c602d03751feec231b05dbe2e6d07870d4d53ecdf62689b0b87a4a399b329b552c1e3f426f79019580a0c6ba192d8ea6056f052264f40605b249b021436a49b53f627f7f93cf9d7b8af5bd0dbef73b1e431b89ec17519a1140547bb8728a4a8707f23bbe750d7f590b38dfcf323c50350d4645a9726451049c8d5451a9a365d2fe648a12d185c78a40631bb44d22bcec3d481915b3d2239d0723913ee0b1b130131221c38d633baf983a0983179d51c08188a78b39de218243885867046fe355e95a84737817c5a4b29334e02cce36315d9511767726c3f496d1fd866a7f44532a6cdaa758cac8873d646a90c24213d9eade4ba44a48928c3c2b909396d625205a464f7d9a0bdbd7f9ffbcff2324381ebbff3869a2c8fa439aaac40b41681d523630db252c0e63d61f5e2b3ffcba8ff35a28f9ca423fe7eaee3e2108ac0f18116104dfedc24469b49094d5947da5c812839101d7b458ad0939386f91de20b104228645f004eff042747851d405caa0bef12e8d1a67a4901dbd746ec3a13a6b26116d35c29c3d6ea3cccdb92eab729daa3ad6209153efe3b526a24644a739324d287a39bdd5b5ee5af4785b415be342036d4d900a27246912e80d02b271f8aaa16a05420b9af51749b5e2cc9bdf4cff639fe1680b0fdf7e1bfd7e0fa105262f2262ec1dca3788e92e219c7a0d63f15b9426afe87e9abea00961637f2c02e04240cb7050c815694a51145817db9f8df3ac0c73a4e85c4171b8a6c11a87540e69c0d926b642953cc072e65d3b8d8cca272d09c1769998bfb14022b681639f4277c21f19eb9139a1498a031435781bab7fd955e6c17d5d07c823d168a331494c06844a906972437ead034143a83c2409215b463733d8d9c45edf66b43bc37a8f2c725213e89d3a437ef67674afe2bffb7b3fc1a7fed96f916509e96080908a244d70e52cfe7cc144373d1b508678037c6bf7c517f462bf786e673c793af5fec1a112945ed074a05bcf185263bac20b0e2d0ed89c36ac0d339c73944d45af5658d9a24d433009214d6eb83e0b15712c1f103e9a92e16cac80adeb1818b199333f3d21d8c88a1702da36b23a6e88f0e315e72361c13b8be82cc6a32e3172a38277dd4276b220ad3a0fae58c5cba48b7752c6d3a74da72d89dc603d1e519fbfca6c7387a6b554366ea8852221bbe3144c27886387689a4dee79e875346f7c99202c424496a6d2069164512d9666a8668ab5168cf9564ee4004f03cfe9a53ca53fdbfcca03a7961f5ce917489370b99cb03585ac28620f64d8c3c8403f555c1d05167b4997d140dd388c7118efb0de213b22816d1a8c88cd2a91758a5ad712bcbcd1f72674bd6d1f21d2032824b642a3e853124454ea8a8e70169c8da9b1087101420cd8c2b9a8ac3ae85947e825ae631bd36f9d8110381f155f91a5ac103a8d84eabd4daa175e66b633a2d51a5bd76422902d6514f79f469f3841b9fe1275dda07aa7b07bcf70ecf451663b33bc8f6c7e191432eb619b269e6c5b46864a6e0e82c85c1b196e344bbe02a08fa470e6febbbe74746dedafa10c49129dd6f6ea1a5b57a824e113afecb15a048a44926a45221cadf358efb0ded2da06672ddeb9c87dd5d1cc32d826ee4217a56bc109683b537ba5e72e0137b130baa6b3f3203aa272672e73d08b16a14b79e782d1a8b28d8569f7859683cc2c5aca7616e13226084e44dccdcf17bfe361c99d2d66cf7e8d726f865391bc901686442acca125dca1553005c96dafa7dc5e4749c5fe2b2fd14e4a8a850542e3112a899a7aa523839580b025c1969db7d9b724cb7dc903fafee347b9f5c8ea170799c4642966e518132be86daf936bc3cc59eae73779f8d65bf8c2cb57b8656d114dcb6834a29718867986752d753d23cb735cdb46e8434240c707d334904abcf4a810c07982a2331008070f564849101edfa1ac74c21ec15c53e80f4e26c1751d39d95d3da17bf82ec6961003bd252e8427728a09fea02d8088274320717bd7289ffb1ae5b8a49cede0265306f7dd4576e72d08eba8f7b7d121c1b50ee55beab662e70fdf4736b6f4968f4591a90b089d237c4d1071d30902323884b3f05aab801b0efcf1e38b12d0b71d59035f7fbe6c79a296e22d4b5ab2b672849736aff2ea850ba4fd0594f4a44a707967c40f3e7296855e603ab3b44d4355b7282968da8aa629d1268a6522c4e0a336b0eb0e6a25f16d8bf2b1da0ee226b66b88ae0b88088b742b7a832ae3434480bdef542f1df1cd770a4531f73689400abe53bf7a89c080d078a20548f02e828b74d6835bd7993d738ed9fe1ef5e63a617b8bfcc869cc3d77931c3984d2197e7b9d7a3643ba40bdfb02eea55749d72dbd3b4ee3db29be9a91a824fe5ca18b8eb233650801695bfe133dc42780cf03e8415eb0bbdf847232fb94c9abb798e22acd78c4e8fa75d6cf5f62bfbf4faae1dae61e3d9371c7d1255a57a3658d0cd0b48ea25078a06d6bda467558534454d10aa924be6d70dea312830f44b0514766cabcff1c8802cd03f8bed3e985ee4a0ac14774b983e443b841ce9cab77e7a9b6089ea6ada9ad4413a94172ae1717821024ce5bc2fa65aa975f6472ed12f5fe887c6d85c17d8fd0b635240342b2806d4a646f9166fd69aa9d2dd4a54d96ec80ecae07714381dd72042c26efc5cd140cde767091ea7861a1bd61e3176e064e0241f0a96e3ba195501479c1f59deb9f2867e1efba20b0d2b1b7b38b51299326aa975ede1c71e7b15532250841312c52944a686a4bdd34a4e9001f04adf5c8a689be24f3a0ea0d42697cdb2208a8ceb194cedf04ad3a8824ca170ed25b6163ae244434927116ac8d0f1c7fa3ea0d9d3d53888e40511f5f332d67342ec524394289583cb60d5aa70851d16e6eb3f7cc53d8f5cbd4a319c3bbeea5ff9d6fc30ffa84d188aa9ca22df8b6a5de7c95ea9567492e5996974fa28eae126811bb35a2f1a426450d23aa2ba5468836ca3284eee8a8e13f85c07f62eedaa4cbd93e4ae748293ebe3f9d7edc4fb3c745a2086d4b7f58e04a0895e5c274c69befbf93bcbfc8ceb58b0cfb7d1686cb546dcd7852d15a4f103a0a719c47598b500ae7dcc12ed6691edbdcae892721748c3ceb3b86a1eb1cabd3d864f23e422bddb51682ebcccee6a7a0eb7988281d885755ace0dbca329b3af4a0c0a4294204bc008944cca654d7d6d97de1551081fccebbe84b813039aebf804a7392958266eb1aa3ab174966bb84af3dcbe1c902e6f0109b295a3b454cca58a0068f3e32843c4510eba2987f746409991c8ca5f82619efc7bb576c50559329220de483a5763419fd5159558fab9053e405d9a155769f5d87f10417528ac6d23433d22ca1f5019365a4c321d24c68aa86da36983c23c8e8e6a09c8dca581510cee2aa1932c9e20fa11a4492766f3a323d42f0f1c1b6b653afe80303f5e0a3f1405c5a7f605a86b5dda275a2190fc135ecedec214dc160650d95ab4e821d31b5bd175e60eff99731a660f90d0f60eebd9b201aea0bcf516e5ea377eb59eadd0dec95f3944fbdc8eaf0283d731275a28f9d6c63c7bbb10359d6181c7a31452e984e3e37afabe6bd2f8757408859a10cafd5ea04c41f11983be9a0bdd494a36db2fe1a799a7d787b56fe7486397562ed08bb4ad3d415e574c27df7dec1dae1635cbbfc2a3a51e43d499a17985e0f93664cf6f769db96d6b90e34f4281f686d1bf9c25dff3bb836aa72ad43c89a20229d472813cd0264c4c1e6f04798c713e72256165cbcb64234ca9cd72ea1b588d612424b339b524e1d8bb79f46250adb44828398ee72f599af32ae1cd9c9a3d4fb63b6eb3147d302217b24a7eee7f2673f497a6dc4a23164fb3dfa77be0def6b9ad91e626704f5185f5578e790c1a21752f491058454f8a6eaf0527f904f79eb08b2c5866835a25f7b3a2e001f0e37255b72b7ae217826e309c3955bcea990fe5e5bd56483212f6ceed33616b4e3ded50c6152a44829cbe8409a2429bdc12283e51516979648930cdb545196e6ba5a258468ab213c2ef88e6c60b1b6890e0fde136c43b035b46587d05abcb7b1d26d1a68db589b408c3b73fcaa532f05df9134944478cb787f8f7471059348dae988665a515ebec267fff8a3fcfbdffb63b6fb19d90377e3efbe9d57d6af72fee97354a309f5d636bd4a935cde21697b24cb8751b946d663aabd2dcaed6b547bfbf8e90c251bf2a343e4b1259c74f8b68ce69fcedee464d71917b615b21ec5d2e8b577d6ef21c23931df7480ea4b78f4f4693636af214c815249352d673f20d22cfff2e56d089677dc7992e345422352a414d4f50c64cae1b523e4833e3acfd1690f616b5c33c35af71afd6fb4529acbc4ba824ecace2efc86c03e9e0871a0b5105d051e3a8b26829b479303f3c2393f3704076d899fedb3b333a2bfba463bde666f7b87ddebd7f93fffe493fcde575e604f25bcfae28bf403f8cab2f5ca7936bffa32fdb2414e2c3db34c315824048b9f4d70d7af22f637a3eb5159a2fc8c642d471c2a10831ca702a16d62c6e7e7e48df813f8ae4f2044b4d5702bb7c66131f1b1ec02ef4570fe66c19b5adf1f73ebd232771c59e195cbe7f12a3ddfba70dbeefef8d197b6c7bceb8d0ff3865b0e31d9df666f126340d3b4545e63d28cd5c32ba43a4567052649f04d8d6b2d2e040212e7a3c10b44604da979baab3b675210898904e8ce3cf9a0829a8fab0b212ecebc06e940c3b818730b0b4f684bdaf10ee3f184a448d8dfdba6f58eaf3cfb2cbfff996718a439c78a012b22211b79fa13c991c12ac78e1e43c984c4e43186b906e56bc4741f51ed62ec04933bd4a2461deae1978a2e8675195f473097ca207512bba22ab69a99b357bcc3f58f217b3d64b494fdb7c0afce0d0ac3dc5a636a03fff4892ff1371f7f33f79db99d8b572e32adcaf75d9cd81f3441acddb2ba4a626a6468996ded50963541197c35e64b7ffe055e7ef68b2cf417b8f3fe873971f61e566e398dbe7695ddfd7d9aba461b45d54a1288cecda2c52881b760b2f4a6e17e21b2c83b9031ce608c0a57e13cde351d9ba553b532372aeb8ac3ae77a2d31c115a6c3b412512a5731eb9ff6e4eac9e42a77dd2b44fafbf844a7a68a1d04a92e639badf4766290a8b26a09384d0b7d00e916288c7e3a58bfcb0bae92afe681c804990268d098b521dd93c627a4a450e9af69e6aef1a76e5105ab231f7873f7078e886f0a885bc60d45a3ef9d2cb386f78f35d77b134d4af5edbdd3daae14d7d65585d5d05ef98eeefb2bfb3c5783c221381d36b39693366f3e557587ff165fa45caf289232426412b85b596aa9a629d4775130be63d1025d5c1439cd3c3858c66cb07f6f6221c70f6858fd422ef6ca7e69dd38a3ada91b7f1ae16911264ad8b344f9dd35f5ee6c889c3ac1c5965f9e47186c70f333c7198deea90feea32e9629f6c79801916a8418e1cf409b941a409a29741660e4ea1f32e5eb78941180326c3e403749a45f6e6fcbd4bd1d520913fa644a0b6500d8e53a4fad7805f9ba76207aed741a0a4f3786f69033cbfb9cb8bdbdb64d980074edfb279e7ead29bf6273b875b27585c3e449648b244b2b8d0e7e4ada7b9e5d6539c3cb2c6edb7dfc699071fa2bfb41aa93eb68c82cf34c507a8ab32ba427413d6a4e85ab4e286ad1ff30e6137595376420a31b7f9eb80c840c4a30e1a3c1d628b6be2041f19c73f08ef6203ca189431489323931c951548a3a3e05f2a485344912212053a3ac40419014bd171b6826da3fa188948327407d39bde0226ef474e33fe204e12e2dc94d859888a2aa13475d3b2e1874f2fad2cfea2205c7bede4d0183755de1195fb498a5692eba3299f7ae922e7b7c6d7d6560e65674e1ef9eeba9c52bbc0d193a73875df3d1cbff30c2a2d481656585c5d63e9c469b263a7308b4b283723ccf6f06d8d4491647d84548c27635adb623a0b27a34cd784ba219851ba93187770c9c17b9d17810785553818f0120733465bd9394d48866800809a3b0d2528952075824ab248ce46c6592573e73941c7e9f2c87984a68b5d21b6a6759ac558210ce43d641aad0f239616374a70ee20d910f38dd39135eab2e689e75ef9e553773df4c1548b1b18dccd0b922addc9a03d956de3d01501eba3319f79e9d5675ed91add7ae2d0ca7d2b45465596517ba815be9e2102a824eeb8e066846a8cb335a81499f423ea1be8262a68f647239c0d28a530893e20496b63ba1115e220468b83094efe40c51ab395e8e11bba9ebf08210a340f8ac50e11667efa04c2a48834432591e0166d05a3af973026ea5582ef54b5119e91de756c9a786d4a2111d6c7539c17e8bce840d1a623c174f6b7c183ab086ddd2d4ec7be918aaa6d7feb5fbfff03bf78fbfd6f6e8eac2ec41a2bbc9663ab0821d25cc29c861ad54d713607cd95bdfded3f7bf1c21b4bcbea1d870ed1378266b447686b52a9e80d0a8c11781bc14317043e08b429a2bcc137100469d603243bbb3b5817a9a75a48a488e0a39867599d725674cea20701fbc092fc869b8ee8b21c3a9a4ea49e46f13e521144c0e22314ae0b04323686a48c846b21112e0296733826b8ae0fe36dbc86e64602521050a8b488745654fc77ae8a0b29457c0fae22b46de711e9ba3e8d4626e973573637defbbfffce7f7c61f9c82ddcffc843ddcff1dac244cdb51bb26b950a29a29cb8230c2821cefb10c4b3d7ae7fef9317d7592cfadc79f410c38501456f4856a49d098cc7a323dbc67a4c9aa135a8b642b836ba5b2729b5b76cecec228444cba8da159d1384105d7ce9aeae78c7767d8b0e393d305e0cee86b0c6bbaef97823159e5bc546a66372c0620988f8bde8ea818e04c19c70c70def46318f75f351194906ba93ed09e2490a3e423a21c413651b42db74ef290e5496d22052f5decf7de5d9dffedd8f7c1a2d0c8f3dfe5d0cf2e4264d62678221bb422c7ad6770e3e447e6d84c90542f0451f58da2bcb373cf1d2799ebbba8dd129459e919a9422cfc98b1ca9537c50ccac60d8eb619204e31b84ada8672366a31189cea8da968ded2d74929016194ac56c4b691383a80f48d48d61bf73f0b753d5d2e916c54d36b30798d7bc4945440504ea46e0ef0a52a55437588c9be4679dd6bcab09a4321d7fd8c4e440c5f92491b214af28da9ad0d404dbc496b36df1cec567399fd720144ae95f11885ffa8ddf7e3f2f5dbe869bcd3879d73ddc79e71df1ffea1a9751cc2b6e041429443797231a5aba8e8fdbbddfe7815b40dc7d617b978f7ef56bfcd1979fe153cfbcc8975f7895cb1bdb08020bc500695296538d0c35bb3b57f9e4e7ff9ccf9f7b91abdb7b64896169a14f59565cdbdca2571464698652e94190934a1f481c8414374d34ebaeb610ba3e4ab8c1edeae08a70939893793fa6733d0d74d07817376ffede73319b0ce1009291261679c858c8d2753b0940534603ce724aa8a7d08d82154a47f3b2e009412284f980cafabff8c79ff9cceefbffe44fc9b29c2b57d7a9f637b9eb75df499a17b8201091508f325244489c8ecc3ce718846e908aef1058c45e205c1282b389d6b7d81098563597b77778eafc25fee4cbcff0bb9ffc2c9f79f655160e1fe24b4f3fcda7cf7d85fff1d7dfc727cfbd8ce9ae011f02459ab2bcb848d3545c5edfa09717f47b59d4914b158d90431c3f27badd2de4dc5256dcc849ec81a1e40db8c577469ac147eccda471dcb6d271f24e678c19baba47748cfa038e98d2489d75a29ea43b41f36bcc22da26e26cd5049cc3b7b33898c67948d28844780748ac304f6449f1de8b572f9dfb855fffdfb8ba5b72685830ae5baad13eab876f41f657b87c79832bd72a1ca08c94078b113aaf5cd5cddaa30bf0e2604c75b8146003c4fd4a88c3e1c08520aa6a5b17b8b4b9412d0d9f7d699ded163efea56719578ed63b160b83e966fd18a518f47ad4aee5fce5ab2c0c06a449ac4d50320667d1a9ade62ed1842ebdecb423c2472ffad04d25984fae092e6e22a9ba1812af1fa9e7a39122e74b1c2c4acc060ffe5c1b848e9d4dda2a12b29b0a5f4e08e518ea29bea9084d899f8b423bdeb1744d8c6daa38274dfadeafbef8c2c7fef9fb7e93ddbd299bfb0d89092cf673367676592c16698bb3fcc73ffc28172e5c60677f0b95e8a825f7811b0351e65757d71a15dd45ee6296f30221ec18a51f2484956fe47ac16c346369a1e0f8f1433cffd5e701d81c97cc1acb42a6e867095ac55982fd610f7ccbe5ab57c94c4291c55c3fca1ae633c9e7f3c84597c1b8880785a8a60d6d8bb0b129145e132f62cd2364a4a7728039e983da40744904ddf8bd0366a4b5b8bac495537c39c28db629372e335dbf40b3bb8d74362e521da74bc4214d6d6c3127f98b88f4bde5e6ab1ff8e4931fe5534fbdc4426fc0b46ed899b61c1ae4946dcb647f9b4c2eb03e5ae2ecfdf7f1971e3983ea25269ab5cc4df0e7beb4a2a365223aeaff41980278460ab1a394be3ff8b828730f0f80fee22a6ffb4b6f617773934bebeb5d052dd899d5cc2acb5a91d0cf33a4521829298a0c085cbbbe419264645934968cccc268cb3aef7d84b9f56a3761e0862feffc8e7791eba875e798ad0e52e9b8e9d40de6ea1cb340c6850be18068176c899bee23fa0b24b79ec11c3b41baba864a1346bbdb6c5fb848685aa207b7458680222093e245a192f75e7ef273ff61f4dc337cdb5b1ea1949ee7cf6fa094e2faa84429c972afe0faf6360bb246f597b8eba107b8f7ce63a822493a471a7f7065693167c646e1bf12aa134ede90920638a794da1070970fe1305d2219082c2d1fe6750f9de5d39ffa34894ed9994c0edcd936a733bc731c5be8210c242a214912f2dca082e7ead575ea2650f48a2831ee3a89becbebbd9b93ad7d17bcc341c51e7c24ca0933bf8e3a3aeadcf3646e8eeffd012332ccb95f214aa2830f78d76277b791cbc7c91f7a13aae8cd8998a4bd9cc52347701aae9cfb2af5788f76ba8b2d2778ebce8510de7bee89cffe87cd679ee2966327e91dbb8d57f77678f26b2f92260965d3b237a959eea7482529a7638e1f39c6bdaf7f2b831cb4d69ad25611630a60e78d205e3b0851cd0b37e6486ba06ddbf7a526993afccf7bcf5ba48c1d99a5632779fc6dafe7c31ffc1d6a11737f17c0065048be7c698b857ec1770c7a0cf29aaccdc94c427fd0274f0d3b5b1799d5536e3d752bc35e4e624c9c45a8d5c148ec839146b20bf87316e37cbc850fdd88bd390be246174574efdf7b47b05d022044a4a7b61657d7984327c91e7c239884d0d818836ce747af138edcf7182a2ff8c2877e9fac4c396cb2279a72f6cb9ffbe89f7ec85fdfe7e17bee26490b68c1983ed60506fd84c53c63bf9c70756fcaad8717d9d8d9637ff765925061641f9d1ac368368bf1228468a82f040a11090a22ca10fc4dc17dbe283e04acb71f4a4db253d5f5cf85c0bb006433e1d2b5eb6c8cc76cec56645a1342bc165beff016bef0ea0627d68e32cc0664a622310a936a4cafc7b15e8faded7d9e7beeab1c3e7c98636b47c89d8b86035d22a13a2607c175f6dfea006c0c5de625a5ec5062622bf5c0feb0634b76d30a2010ea19ae6ad00b2b14f73c4a72ea8e7845bb269a69b6966032700dd2c5b98687eebc8f77fee42946972e7e400bf5bf0c57867fe6f39c677fff4f303a45a8145a4f260b46b39a85bea34835796ad89db61c2a1b96863d76b72ee2f72ee3dc0aaa979ae8cedff194e646f6f1aabae901cc33af0ef20e3751708c52978c525fa8ad15c01bfedf3ff5df73f2e42a9ffaeca7d9db19778357ba89ab2136aaaad6515bc77090b368344a484ca64992022905fd2207efb8bab1c1de781a2bd7ae3a77c1e1db88c0fa6e9c4534fd8f7125cc4911be9343b42dbe9d5b7a045cddd2ce66b4e594a69a31d9de665656f4ce3cc4e2636f471f3e1153dce041a571fbf9280b8f29ade9c6fbb5c834fb9562edc82fea2c3f174cc2a133773358c8a8af6c30cc06a44bcbbcb8b3c387bff0e72cf70bb244339ad58cea96b6711c5f5d6436dba15714dc75dfa3a8419e623b37ced6b51d90175353471cdea895c4e8a8d3f0e186d8267419596b2d8d737bbdc5853fbef5be47b6fe8bffe78fdd76646969f5daf50b3c73ee797c88a9aa94e2a0ec76c133ab2aead6b23c2ce8679a244d4874a4862aa5d15a51e439b36ac6683c6156d5d44decc5b7ad237a9139daa6ab0d5c9471dba6a5299b386fd7d6b8bac1360daea969aa29d574423d8bbf8eb6b608698fe3dffe032cdcf360f4c9724d6782a60f6637c4937843e121a47a4eb8e6bdd8f697086157a6798c55d6b170ebede89ec65db94ebe768c67b6aef2fb9ffb324b4512e7ae58c7a4b2b43e9068c16291b17e7d9d33f73c8a1a16f90178d7d4f53cfe750f5e1e54f0f3215b9d5f5a07adc4453976e759fefb7ff0cbfc935ff9fff3d77fe2c7bf80ab9f595d5ac9ee7bddebef7beb3bdfcee5ab2fb17ee11a1e4f226fb4682bebd81a4d984c271c1ef618e429459677235c154a09129344ed8551b8e0289b86d96c4a599594554559961da5b5a1695a9aa6c53635aead69da96b6b13475d41a969309d574463d9d329d8ed9dfde42af1ee3cc0fbd9be2f031022ae25232ba63c73950d34ef5d5515c23fde8b784f7ef0d21fc36cdac6b07845848aa98cde5274fa3fa29ba85275e788e8f3df90cc322234f0c69a2995496aa69699d6579d8a71ced321deda00e0d874814d64baa7a16afa9b96ca3f32e1132625a73f5c0dc18cd85c0f7ffd73fc5077ff703bceebe93fcfe87ff8047efbe872f9cfbf2f95e31f848560c3686bde2d8cffcccdf3bbc7a22e5339ff81475edd12aa2ae2240e3039bfb13522538b9ba409ea618ad519d791912a490713eba894a61d18dfef62e6247d65adab6a2aa4a9aa6a1aaa694d58cb22a99cd66ccca19b372caac2ca99b86b29a319decb170ea0cf7beebbf26595cc423a37b90ecacd1e9ea9cd90461f2b9a1ced308f1cb22f85f14c1bf1037a923d4b38ec5ea62aea934a26d51ab871145ca1f7df44f79f2c54bf493845e1e5df45aefd99d3664da605dcbeab0cff5abe751c79717699a9680645ccd50ddee9f6fe36ee64ad7c0899373941034def1233ff573fcab7ff60ff8b5ffe357b9efcc632c1f5ae1a9af3dc79b5ef7463ef4c7bfdb2c2f9ffa5c554f3ebfbb3f9ebef52defbcfdb1c7cef63ef0bb1f041b2d38948c261a36c0d678c2b161c1b097931a43aa355acb83b11642c4a9395a46831c2d651cd3dd7d2e75fc7d2076407db8d15d9c07bc388e2910da9a63f73ec25ddff723a85ebfeb56cae886dd019cb8e8ab483945f4173610e2d710ea1711e283b8b6a183ec0184ad08d31122cdf0c11db06982b5885e86b52d1f7be20b58ef49b5881b4e48f6a675ac013d24466014a8e3ab8b4819a56ae37216bb679ddbc8bcf69642c6668e8cae0aad779c7ddddbf8d7fff29f71eee92ff3c07d8ff2871ffe20cdd4b1766c953ffec33fe0f56ffc4e1687092f5fbe706d98e51fb97cfdda93779cb9afeef5ed6d9ff9e417f2b818dd04cf0055ebf0b6e1f8a145163b1845a9d8d8514a47bd85140757d9c12017a5d02a9215a2ab9d8af235a3499234fab774f68b5a4431e8edaf7f9c5bbefd0722401902e4798447b422ec6f10c67b08a10993dddd3099fedbb0b0f25e21d5af0921af45a596eb1c2a22a12fc800b626d4651c32d054b100958a603db7dd7396423a3ef1d92f76fe6319424092183646255a295a6b19f632d4d1a5c53873dc28b6f7f70f669fcf717ad74d4053f399e52160bde7fff7ebff3b572f7d925ff9df7e879fff6fff5b7ee3dffc13bef6fc366f78ec1e7ee5d7ff3967cfdcceaffcf3ff95effab61f603cdda4d72f5e5dea2f7fe83bbefdad5ff8c07ffcadd1cec6f8880f613110ba8421d03a4b5f298e2c0dc9f2143abf2d651294d298aedb2795e9a6439b18fc95887f2e35522571d1ba59ebf17481311a8162ed9e8739faa6ef8c4daca6863c8fc43b6bc1a488e9043efbb10bf6c2cbff9659f95eb1b5f1ab62edf8ab322d3a68be2b563bc7eed071c5041e37de89e0a23237cc12548a682a1e7af07ec6a32dbef4d473f48b0229e37bda2dab0e3f94b4cea14e1d3e4c5d3b120d7bfbe30347aa9baf2cd1b9fc44598663f58e7bf99f7fe91728d23e3ffa433fc6135ffa347ff9fbff1a6bab86a75e5ce76fbee76fb0b4d0e3c7fe1f3fc673af7c8ee1e0248fdc733b57b7b6a81b797e526e7cf8739ffed2c7b456e79df79ac0ad5a2ab4102820ef29968a026314268da4056d52b4897e8f4aea0e1536d1a249cad8570802a5b3aed915d9f452c4c5c2b7f48edfc689b7ff4014a336759c9ca01398cde69cb08f87a6f917623cfa45f1993ffd37fb7ff689f3cf7eec635cdb6d39f6c637de982c3ce784851b441ee11da2a971e51e322d102289be2ec610921e02cf1b1e7998575e799e975eb9445e647176a10bec8e1b960739d605a4b31ead0355dd5064e6a031e53b9e90ec0ac3f91434e7046f7dfbf7f0dcf34ff0333fff77402a76a7fbd8b6e26b2f3ec3a92377f3dbbfffdb7897f1a18ffe7b527382ef7ee363bcff0f7e9fb6f1ec8f6a1e7de48d00e724fc232dc57739efbfab76ee1f96d63e316d5a5ebab2c5858d0d2693926ad6e0da268a469544688950f1ea925221948c93e44c8acef248c531069df730598e491374225159c1dafd6f46a469641a3a07694ab0cd1361b2ff0f43db7e57f0eebbc468fa8f48b373eae46df4d2826a32e54bbff91fb8fc918f21dabd1bb04b67ec187b2b5d232a1b2284c6cf263117d51a379dc42ea2ca498a25feeedff95bdc727c9959592381853cc518cdb46a627c6c6c436a043b7513590f4ac65ef1c14c6971a0d323085a2c478f1de1ed6f7827fffad71ee089cfff3e5595a343cd6da71fe19187efe1cd6fb88b93cb03d2ac66a1b7c2a7bef4098237b44dcddeee16ab874f92f404cc02528956493ee23c1fa97c105bb3f20d87abeab10bd7f71eed17fd87d2c43c90275a685323438a1609d24473ea987174d3dc42447a75d7db5641409ac76cac2c593cfd10f9d15b4370ee6966e55728f22f05c117c574faf970f55a08cbab71125053c1fe0490e824636f5a73f4f1efe3c4773cfe5adb70e50e9c228477d18e36cf516e11574f09d5183af3503f1da38a45309a43b79ce16fff8df7f0f77ef19729eb4096640c33cde6a846ab4eb0231578e7484c42d9c495b21df14174f44e29d441b7534bcd1ffcf16ff14bffe8d7f8d5fff51f236879f78f7e0f4f3f3be65fbdef7d7cfce3ff273ff5933fcb3ff9fffe43def55ffc045f39f709def2fa77a1b4a7e815148525d15005dfcd559748e1098150b6fe73e349fdb97135637d7b8f5e6acef6f3fe99bc676e13419e16419c087054105683148b82301042a65156ad6a211983d813812da9e5555bfbcbfd7bdf767ef5ee875f418517d8db7f8ef10c169762602e4bc4fe88607a88d54028275d5c20c22a99e6c1ef7d5b3442b30e741a39ec21109a1a519691c8a0f2a889f42d4a384255229a06590c08d6e2cb09520fa1153cf68eefe1a73776f9a7bff11b5475cda048a8da96f1ace5ff1a00f62ba0aecad4116c0000000049454e44ae426082, '');
INSERT INTO `aboutus` (`id`, `managemenu`, `ordering`, `contenttile`, `description`, `Image`, `UserPic`) VALUES
(20, 'About Obaidul Quader', '10', 'Latest Update', 'jk,hnj,hk', 0x89504e470d0a1a0a0000000d494844520000009700000022080600000052984bbf000000097048597300000b1300000b1301009a9c1800000a4f6943435050686f746f73686f70204943432070726f66696c65000078da9d53675453e9163df7def4424b8880944b6f5215082052428b801491262a2109104a8821a1d91551c1114545041bc8a088038e8e808c15512c0c8a0ad807e421a28e83a3888acafbe17ba36bd6bcf7e6cdfeb5d73ee7acf39db3cf07c0080c9648335135800ca9421e11e083c7c4c6e1e42e40810a2470001008b3642173fd230100f87e3c3c2b22c007be000178d30b0800c04d9bc0301c87ff0fea42995c01808401c07491384b08801400407a8e42a600404601809d98265300a0040060cb6362e300502d0060277fe6d300809df8997b01005b94211501a09100201365884400683b00accf568a450058300014664bc43900d82d00304957664800b0b700c0ce100bb200080c00305188852900047b0060c8232378008499001446f2573cf12bae10e72a00007899b23cb9243945815b082d710757572e1e28ce49172b14366102619a402ec27999193281340fe0f3cc0000a0911511e083f3fd78ce0eaecece368eb60e5f2deabf06ff226262e3fee5cfab70400000e1747ed1fe2c2fb31a803b06806dfea225ee04685e0ba075f78b66b20f40b500a0e9da57f370f87e3c3c45a190b9d9d9e5e4e4d84ac4425b61ca577dfe67c25fc057fd6cf97e3cfcf7f5e0bee22481325d814704f8e0c2ccf44ca51ccf92098462dce68f47fcb70bfffc1dd322c44962b9582a14e35112718e449a8cf332a52289429229c525d2ff64e2df2cfb033edf3500b06a3e017b912da85d6303f64b27105874c0e2f70000f2bb6fc1d4280803806883e1cf77ffef3ffd47a02500806649927100005e44242e54cab33fc708000044a0812ab0411bf4c1182cc0061cc105dcc10bfc6036844224c4c24210420a64801c726029ac82422886cdb01d2a602fd4401d34c051688693700e2ec255b80e3d700ffa61089ec128bc81090441c808136121da8801628a58238e08179985f821c14804128b2420c9881451224b91354831528a542055481df23d720239875c46ba913bc8003282fc86bc47319481b2513dd40cb543b9a8371a8446a20bd06474319a8f16a09bd072b41a3d8c36a1e7d0ab680fda8f3e43c730c0e8180733c46c302ec6c342b1382c099363cbb122ac0cabc61ab056ac03bb89f563cfb17704128145c0093604774220611e4148584c584ed848a8201c243411da093709038451c2272293a84bb426ba11f9c4186232318758482c23d6128f132f107b8843c437241289433227b9900249b1a454d212d246d26e5223e92ca99b34481a2393c9da646bb20739942c202bc885e49de4c3e433e41be421f25b0a9d624071a4f853e22852ca6a4a19e510e534e5066598324155a39a52dda8a15411358f5a42ada1b652af5187a81334759a39cd8316494ba5ada295d31a681768f769afe874ba11dd951e4e97d057d2cbe947e897e803f4770c0d861583c7886728199b18071867197718af984ca619d38b19c754303731eb98e7990f996f55582ab62a7c1591ca0a954a9526951b2a2f54a9aaa6aadeaa0b55f355cb548fa95e537dae46553353e3a909d496ab55aa9d50eb531b5367a93ba887aa67a86f543fa47e59fd890659c34cc34f43a451a0b15fe3bcc6200b6319b3782c216b0dab86758135c426b1cdd97c762abb98fd1dbb8b3daaa9a13943334a3357b352f394663f07e39871f89c744e09e728a797f37e8ade14ef29e2291ba6344cb931655c6baa96979658ab48ab51ab47ebbd36aeeda79da6bd45bb59fb810e41c74a275c2747678fce059de753d953dda70aa7164d3d3af5ae2eaa6ba51ba1bb4477bf6ea7ee989ebe5e809e4c6fa7de79bde7fa1c7d2ffd54fd6dfaa7f5470c5806b30c2406db0cce183cc535716f3c1d2fc7dbf151435dc34043a561956197e18491b9d13ca3d5468d460f8c69c65ce324e36dc66dc6a326062621264b4dea4dee9a524db9a629a63b4c3b4cc7cdcccda2cdd699359b3d31d732e79be79bd79bdfb7605a785a2cb6a8b6b86549b2e45aa659eeb6bc6e855a3959a558555a5db346ad9dad25d6bbadbba711a7b94e934eab9ed667c3b0f1b6c9b6a9b719b0e5d806dbaeb66db67d6167621767b7c5aec3ee93bd937dba7d8dfd3d070d87d90eab1d5a1d7e73b472143a563ade9ace9cee3f7dc5f496e92f6758cf10cfd833e3b613cb29c4699d539bd347671767b97383f3888b894b82cb2e973e2e9b1bc6ddc8bde44a74f5715de17ad2f59d9bb39bc2eda8dbafee36ee69ee87dc9fcc349f299e593373d0c3c843e051e5d13f0b9f95306bdfac7e4f434f8167b5e7232f632f9157add7b0b7a577aaf761ef173ef63e729fe33ee33c37de32de595fcc37c0b7c8b7cb4fc36f9e5f85df437f23ff64ff7affd100a78025016703898141815b02fbf87a7c21bf8e3f3adb65f6b2d9ed418ca0b94115418f82ad82e5c1ad2168c8ec90ad21f7e798ce91ce690e85507ee8d6d00761e6618bc37e0c2785878557863f8e7088581ad131973577d1dc4373df44fa449644de9b67314f39af2d4a352a3eaa2e6a3cda37ba34ba3fc62e6659ccd5589d58496c4b1c392e2aae366e6cbedffcedf387e29de20be37b17982fc85d7079a1cec2f485a716a92e122c3a96404c884e3894f041102aa8168c25f21377258e0a79c21dc267222fd136d188d8435c2a1e4ef2482a4d7a92ec91bc357924c533a52ce5b98427a990bc4c0d4cdd9b3a9e169a76206d323d3abd31839291907142aa214d93b667ea67e66676cbac6585b2fec56e8bb72f1e9507c96bb390ac05592d0ab642a6e8545a28d72a07b267655766bfcd89ca3996ab9e2bcdedccb3cadb90379cef9fffed12c212e192b6a5864b572d1d58e6bdac6a39b23c7179db0ae315052b865606ac3cb88ab62a6dd54fabed5797ae7ebd267a4d6b815ec1ca82c1b5016beb0b550ae5857debdcd7ed5d4f582f59dfb561fa869d1b3e15898aae14db1797157fd828dc78e51b876fcabf99dc94b4a9abc4b964cf66d266e9e6de2d9e5b0e96aa97e6970e6e0dd9dab40ddf56b4edf5f645db2f97cd28dbbb83b643b9a3bf3cb8bc65a7c9cecd3b3f54a454f454fa5436eed2ddb561d7f86ed1ee1b7bbcf634ecd5db5bbcf7fd3ec9bedb5501554dd566d565fb49fbb3f73fae89aae9f896fb6d5dad4e6d71edc703d203fd07230eb6d7b9d4d51dd23d54528fd62beb470ec71fbefe9def772d0d360d558d9cc6e223704479e4e9f709dff71e0d3ada768c7bace107d31f761d671d2f6a429af29a469b539afb5b625bba4fcc3ed1d6eade7afc47db1f0f9c343c59794af354c969dae982d39367f2cf8c9d959d7d7e2ef9dc60dba2b67be763cedf6a0f6fefba1074e1d245ff8be73bbc3bce5cf2b874f2b2dbe51357b8579aaf3a5f6dea74ea3cfe93d34fc7bb9cbb9aaeb95c6bb9ee7abdb57b66f7e91b9e37ceddf4bd79f116ffd6d59e393dddbdf37a6ff7c5f7f5df16dd7e7227fdcecbbbd97727eeadbc4fbc5ff440ed41d943dd87d53f5bfedcd8efdc7f6ac077a0f3d1dc47f7068583cffe91f58f0f43058f998fcb860d86eb9e383e3939e23f72fde9fca743cf64cf269e17fea2fecbae17162f7ef8d5ebd7ced198d1a197f29793bf6d7ca5fdeac0eb19afdbc6c2c61ebec97833315ef456fbedc177dc771defa3df0f4fe47c207f28ff68f9b1f553d0a7fb93199393ff040398f3fc63332ddb000000206348524d00007a25000080830000f9ff000080e9000075300000ea6000003a980000176f925fc546000004924944415478daec5ced51e330107dbaa10077803bc01d9caf027215602a205410a800a8c0a102a002870a122a48a8c0e940f78315b708d9fa4a6602ecce6832f16457ebd5d3dbd5daa0b4d61011d987fc92108808b844045c2222022e91fd8bd63a6b7c33b901a0ad510b4ad2f073e452504a55000acbc822725ed7a22c0e3c562fccc79286c8ae9007a072ec5e0da08960ae72c0c6f40b856626cc95c75cbf1c3f5e01b8047045973600b6002e22178633d59ceccd65390479869534808eefe200e62a00f4b6de170c8d30d7ae996b40eee9f32ce0b70d01ec4e422fad8810746e28a5354a295f917b41a9f451c22be00a9510f69a50319fc35a0d8007006b7610e8e95a9379bf25b51b967bb0cded77d6416609a04d4cb105a5687b949ef97df764db6d3c715ad33d849fa0436a2ef67d09a01fa9b93a5aac22a16ea92d40adc95ee7b89eb248760fcbd8b6035825d65c370e40750ea075912d8ee9c0c9bbb680d20efc6e3930dfd4e197b9de3bd6a0679bb109c24f24b81abb2de1683fb4094571c36ef2666457ce786b2462e72f59b09a915ddc33dba1be87d837acdeb105aa220056b3d15a7e55ccef8ee6317e19c03f78ec1add9601b21e0064cfe7df19b8e85a0f60e90097b99132125c4d64c02b0b043e6919e88b80b4b6640b1202ae2ec23e678c75e0efc74eb13c769311504f7c098c8d3600e8ef4cb76b707d684b38da0f31c7f992f4627772c5f4cad04044305d8fb0c73f330f33f800d66680abf5a4bda88e42a43f66e395bb06d77bfa63e0323b6812092ec376d3c4c2dfa4511fab9489b67de0eaad1a33468c6f4522b8cca629902f8649a3d973a7e0a2ebadb568eb01e77ce0328b932a63fa65063b801d226a0f2bde24da9f44d68e2ee6da592f3492dd83c07594e8cc3d05e50cc0332de465c2b1bd40de23a147f2a3a4de9abdf820ff5264e159f8dff4b9455e17ff24630d0e5a92c0a5b55e28a55694ce2a0af03c015c7080224636cc966de738d37ea8de55e61a54f8a67294a17b47d43c21606df133659eb9415e055c9fd96bae943aa5d4769dc93aa932c67eaf99f67d7a2fecf316229f24eb3567adf55f007f1277ee86d86e92e1c2846c6c066a265e1bc58aaf8e32f64f05467b00d78e524a91d88a987a0e041b5694a7b4227c3a5b3a50d490d7720e125c77b44833c4375167a43bf690dca4eb98637b11d15ee0f68bc4d45b0ab8f6231b6a611478ebb35481c032cdc34b4f4a5e10b3d5087ffc636c3f06f8b20270cef462364883ff6f4bfc9c825e29c569beb0beafb4d6dbc05aa5b48edb2bc7a972ce76ff92be5f3b4053e2ed5d319342cf03db1f97347f43be5d3bf40a66bb20dbc754d3558e3a6bccff5b62d3cd00786b9aaba258f8fa83f5c041c307e445246b166caec508ab57dc07a5d430261cddf729dcaf6e98f130f2ca8d57d713c4437ce526f40f4c6cff7b36077f65853fc7f331a92f9e63c357c7f623bab3019d2e041366281b204a29b38b87e489fe88c3fcdec50083bac45ebe74716aed902deda627e475f40dfbd50c4443b66bc749f30efe7e5e437ab5c50c0b62b3674ab9db007f7df10ca967c74eda2791bad5c0e9f80326deb121ffe546e4bb16f422022e11110197c801c9bf0100133a26fe008a2def0000000049454e44ae426082, '');

-- --------------------------------------------------------

--
-- Table structure for table `description`
--

CREATE TABLE IF NOT EXISTS `description` (
  `DescId` int(11) NOT NULL,
  `HeadingId` int(11) NOT NULL,
  `ContentDesc` varchar(1000) DEFAULT NULL,
  `ContentDesc1` varchar(1000) DEFAULT NULL,
  `ContentDesc2` varchar(1000) DEFAULT NULL,
  `Status` tinyint(1) NOT NULL,
  `HeadingTitle` varchar(500) NOT NULL,
  PRIMARY KEY (`DescId`),
  UNIQUE KEY `HeadingId_4` (`HeadingId`),
  KEY `HeadingId` (`HeadingId`),
  KEY `HeadingId_2` (`HeadingId`),
  KEY `HeadingId_3` (`HeadingId`),
  KEY `HeadingId_5` (`HeadingId`)
) ENGINE=InnoDB DEFAULT CHARSET=latin1;

--
-- Dumping data for table `description`
--

INSERT INTO `description` (`DescId`, `HeadingId`, `ContentDesc`, `ContentDesc1`, `ContentDesc2`, `Status`, `HeadingTitle`) VALUES
(1, 1, 'Obaidul Quader(born 17 May 1980) is a Bangladeshi lawyer and politician from the Bangladesh Awami League Party and a member of the Parliamentary Treasury Bench. He is the youngest Minister of Bangladesh from his ancestral area of Singra in Natore of Rajshahi. His victory in the National Elections of 2008 at the age of just 28 resulted in him referred to the as the Youngest Lawmaker of Bangladesh.', NULL, NULL, 1, ''),
(2, 2, 'Meeting With Obama', '', '', 1, ''),
(3, 3, 'Reducing Traffic Jam', '', '', 1, ''),
(4, 4, 'Contribution On Party Fund', '', '', 1, ''),
(5, 5, 'Facebook', '', '', 1, ''),
(6, 6, 'Completed Higher Degree', '', '', 1, ''),
(7, 7, 'Looking Handsome', '', '', 1, ''),
(8, 8, 'Life Story Writter', '', '', 1, ''),
(9, 9, 'All rights reserved', '', '', 1, ''),
(22, 22, '<p>Obaidul Quader(born 17 May 1980) is a Bangladeshi lawyer and politician from the Bangladesh Awami League Party and a member of the Parliamentary Treasury Bench. He is the youngest Minister of Bangladesh from his ancestral area of Singra in Natore of Rajshahi. His victory in the National Elections of 2008 at the age of just 28 resulted in him referred to the as the Youngest Lawmaker of Bangladesh.</p>\n', NULL, NULL, 1, 'Obaidul Quader(born 17 May 1980)'),
(23, 23, '<p>It was a great Meeting with these persons</p>\r\n', NULL, NULL, 1, 'Meeting With Foreigner'),
(24, 24, '<p>It was a great Meeting with these persons</p>\r\n', NULL, NULL, 1, 'Meeting With Foreigner'),
(25, 25, '<p>It was a great Meeting with these persons</p>\r\n', NULL, NULL, 1, 'Meeting With Foreigner'),
(26, 26, '<p>Success will be YOURS...So don&#39;t be worry</p>\r\n', NULL, NULL, 1, 'Success will be YOURS'),
(27, 27, '<p>Success will be YOURS...So don&#39;t be worry</p>\r\n', NULL, NULL, 1, 'Success will be YOURS'),
(28, 28, '<p>Success will be YOURS...So don&#39;t be worry</p>\r\n', NULL, NULL, 1, 'Success will be YOURS'),
(29, 29, '<p>Lorem Ipsum Lorem Ipsum&nbsp;Lorem Ipsum Lorem IpsumLorem Ipsum Lorem Ipsum</p>\r\n', NULL, NULL, 1, 'Lorem Ipsum Lorem Ipsum'),
(30, 30, '<p>Lorem Ipsum Lorem Ipsum&nbsp;Lorem Ipsum Lorem IpsumLorem Ipsum Lorem Ipsum</p>\r\n', NULL, NULL, 1, 'Lorem Ipsum Lorem Ipsum'),
(31, 31, '<p>Lorem Ipsum Lorem Ipsum&nbsp;Lorem Ipsum Lorem IpsumLorem Ipsum Lorem Ipsum</p>\r\n', NULL, NULL, 1, 'Lorem Ipsum Lorem Ipsum'),
(32, 32, '<p>Lorem Ipsum Lorem Ipsum&nbsp;Lorem Ipsum Lorem Ipsum&nbsp;Lorem Ipsum Lorem Ipsum</p>\r\n', NULL, NULL, 1, 'Lorem Ipsum Lorem Ipsum'),
(33, 33, '<p>Lorem Ipsum Lorem Ipsum&nbsp;Lorem Ipsum Lorem Ipsum&nbsp;Lorem Ipsum Lorem Ipsum</p>\r\n', NULL, NULL, 1, 'Lorem Ipsum Lorem Ipsum'),
(34, 34, '<p>Lorem Ipsum Lorem Ipsum&nbsp;Lorem Ipsum Lorem Ipsum</p>\r\n', NULL, NULL, 1, 'Lorem Ipsum Lorem Ipsum'),
(35, 35, '<p>Lorem Ipsum Lorem Ipsum&nbsp;Lorem Ipsum Lorem Ipsum</p>\r\n', NULL, NULL, 1, 'Lorem Ipsum Lorem Ipsum'),
(36, 36, '<p>Lorem Ipsum Lorem Ipsum&nbsp;Lorem Ipsum Lorem Ipsum</p>\r\n', NULL, NULL, 1, 'Lorem Ipsum Lorem Ipsum'),
(37, 37, '<p>Lorem Ipsum Lorem Ipsum&nbsp;Lorem Ipsum Lorem Ipsum&nbsp;Lorem Ipsum Lorem Ipsum</p>\r\n', NULL, NULL, 1, 'Lorem Ipsum Lorem Ipsum'),
(38, 38, '<p>Lorem Ipsum Lorem Ipsum&nbsp;Lorem Ipsum Lorem Ipsum&nbsp;Lorem Ipsum Lorem Ipsum</p>\r\n', NULL, NULL, 1, 'Lorem Ipsum Lorem Ipsum'),
(39, 39, '<p>Lorem Ipsum Lorem Ipsum&nbsp;Lorem Ipsum Lorem Ipsum&nbsp;Lorem Ipsum Lorem Ipsum</p>\r\n', NULL, NULL, 1, 'Lorem Ipsum Lorem Ipsum'),
(40, 40, '<p>Lorem Ipsum Lorem Ipsum&nbsp;Lorem Ipsum Lorem Ipsum&nbsp;Lorem Ipsum Lorem Ipsum</p>\r\n', NULL, NULL, 1, 'Lorem Ipsum Lorem Ipsum'),
(41, 41, '<p>Lorem Ipsum Lorem Ipsum&nbsp;Lorem Ipsum Lorem Ipsum&nbsp;Lorem Ipsum Lorem Ipsum</p>\r\n', NULL, NULL, 1, 'Lorem Ipsum Lorem Ipsum'),
(50, 50, '<p>No description</p>\r\n', NULL, NULL, 1, 'No Title');

-- --------------------------------------------------------

--
-- Table structure for table `heading`
--

CREATE TABLE IF NOT EXISTS `heading` (
  `HeadingId` int(11) NOT NULL,
  `HeadingDesc` text,
  `Status` tinyint(1) DEFAULT NULL,
  `HeadingTitle` varchar(500) NOT NULL,
  PRIMARY KEY (`HeadingId`)
) ENGINE=InnoDB DEFAULT CHARSET=latin1;

--
-- Dumping data for table `heading`
--

INSERT INTO `heading` (`HeadingId`, `HeadingDesc`, `Status`, `HeadingTitle`) VALUES
(1, 'About Obaidul Quader', 1, ''),
(2, 'LATEST UPDATE', 1, ''),
(3, 'INNOVATIO', 1, ''),
(4, 'POLITICAL RESUME', 1, ''),
(5, 'SOCIAL CONNECT', 1, ''),
(6, 'EDUCATIO', 1, ''),
(7, 'SCREENTSHOT GALLERY', 1, ''),
(8, 'FROM THE BLOG', 1, ''),
(9, 'FOOTER', 1, ''),
(22, 'About Obaidul Quader', 1, 'Obaidul Quader(born 17 May 1980)'),
(23, 'Latest Update', 1, 'Meeting With Foreigner'),
(24, 'Latest Update', 1, 'Meeting With Foreigner'),
(25, 'Latest Update', 1, 'Meeting With Foreigner'),
(26, 'Achievements', 1, 'Success will be YOURS'),
(27, 'Achievements', 1, 'Success will be YOURS'),
(28, 'Achievements', 1, 'Success will be YOURS'),
(29, 'Innovation', 1, 'Lorem Ipsum Lorem Ipsum'),
(30, 'Innovation', 1, 'Lorem Ipsum Lorem Ipsum'),
(31, 'Innovation', 1, 'Lorem Ipsum Lorem Ipsum'),
(32, 'Political Resume', 1, 'Lorem Ipsum Lorem Ipsum'),
(33, 'Political Resume', 1, 'Lorem Ipsum Lorem Ipsum'),
(34, 'Social Connect', 1, 'Lorem Ipsum Lorem Ipsum'),
(35, 'Social Connect', 1, 'Lorem Ipsum Lorem Ipsum'),
(36, 'Social Connect', 1, 'Lorem Ipsum Lorem Ipsum'),
(37, ' Gallery', 1, 'Lorem Ipsum Lorem Ipsum'),
(38, 'Gallery', 1, 'Lorem Ipsum Lorem Ipsum'),
(39, 'Gallery', 1, 'Lorem Ipsum Lorem Ipsum'),
(40, 'Gallery', 1, 'Lorem Ipsum Lorem Ipsum'),
(41, 'Download The Book', 1, 'Lorem Ipsum Lorem Ipsum'),
(50, 'About Obaidul Quader', 1, 'No Title');

-- --------------------------------------------------------

--
-- Table structure for table `image`
--

CREATE TABLE IF NOT EXISTS `image` (
  `ImgId` int(11) NOT NULL,
  `HeadingId` int(250) NOT NULL,
  `ImgDesc` varchar(1000) CHARACTER SET utf8mb4 COLLATE utf8mb4_unicode_ci NOT NULL,
  `ImgDesc1` varchar(1000) CHARACTER SET utf8mb4 COLLATE utf8mb4_unicode_ci NOT NULL,
  `ImgDesc2` varchar(1000) CHARACTER SET utf8mb4 COLLATE utf8mb4_unicode_ci NOT NULL,
  `ImgDesc3` varchar(1000) CHARACTER SET utf8mb4 COLLATE utf8mb4_unicode_ci NOT NULL,
  `Image` longblob NOT NULL,
  `UserPic` varchar(500) NOT NULL,
  `Status` tinyint(1) NOT NULL,
  `Order` int(10) NOT NULL,
  PRIMARY KEY (`ImgId`,`HeadingId`)
) ENGINE=InnoDB DEFAULT CHARSET=latin1;

--
-- Dumping data for table `image`
--

INSERT INTO `image` (`ImgId`, `HeadingId`, `ImgDesc`, `ImgDesc1`, `ImgDesc2`, `ImgDesc3`, `Image`, `UserPic`, `Status`, `Order`) VALUES
(0, 22, '', '', '', '', '', '593303.jpg', 1, 0),
(0, 23, '', '', '', '', '', '826590.jpg', 1, 0),
(0, 24, '', '', '', '', '', '593272.jpg', 1, 0),
(0, 25, '', '', '', '', '', '87644.jpg', 1, 0),
(0, 26, '', '', '', '', '', '973812.png', 1, 0),
(0, 27, '', '', '', '', '', '67156.png', 1, 0),
(0, 28, '', '', '', '', '', '536383.png', 1, 0),
(0, 29, '', '', '', '', '', '585864.png', 1, 0),
(0, 30, '', '', '', '', '', '848205.png', 1, 0),
(0, 31, '', '', '', '', '', '27279.png', 1, 0),
(0, 32, '', '', '', '', '', '525835.png', 1, 0),
(0, 33, '', '', '', '', '', '298432.png', 1, 0),
(0, 34, '', '', '', '', '', '136271.jpg', 1, 0),
(0, 35, '', '', '', '', '', '862046.png', 1, 0),
(0, 36, '', '', '', '', '', '125692.png', 1, 0),
(0, 37, '', '', '', '', '', '326205.jpg', 1, 0),
(0, 38, '', '', '', '', '', '535896.jpg', 1, 0),
(0, 39, '', '', '', '', '', '664155.jpg', 1, 0),
(0, 40, '', '', '', '', '', '63681.jpg', 1, 0),
(0, 41, '', '', '', '', '', '91760.png', 1, 0),
(0, 50, '', '', '', '', '', '916435.jpg', 1, 0);

-- --------------------------------------------------------

--
-- Table structure for table `test`
--

CREATE TABLE IF NOT EXISTS `test` (
  `id` int(11) NOT NULL AUTO_INCREMENT,
  `ordering` int(10) NOT NULL,
  `contenttitle` varchar(30) NOT NULL,
  `description` varchar(100) NOT NULL,
  `LatestImage` varchar(200) NOT NULL,
  PRIMARY KEY (`id`)
) ENGINE=InnoDB  DEFAULT CHARSET=latin1 AUTO_INCREMENT=9 ;

--
-- Dumping data for table `test`
--

INSERT INTO `test` (`id`, `ordering`, `contenttitle`, `description`, `LatestImage`) VALUES
(1, 0, '.<p>No Description</p>\r\n.', '.<p>No Description</p>\r\n.', '.73498.png.'),
(6, 1, 'no title available now', '<p>available&nbsp;</p>\r\n', '371570.png'),
(7, 1, 'Latest Update', '<p>Latest Update</p>\r\n', '305992.png'),
(8, 1, 'Title', '<p>Title</p>\r\n', '716836.png');

-- --------------------------------------------------------

--
-- Table structure for table `test_image`
--

CREATE TABLE IF NOT EXISTS `test_image` (
  `id` int(10) NOT NULL AUTO_INCREMENT,
  `name` varchar(25) NOT NULL DEFAULT '',
  `image` blob NOT NULL,
  PRIMARY KEY (`id`)
) ENGINE=InnoDB DEFAULT CHARSET=latin1 AUTO_INCREMENT=1 ;

-- --------------------------------------------------------

--
-- Table structure for table `title`
--

CREATE TABLE IF NOT EXISTS `title` (
  `TitleInt` int(11) NOT NULL,
  `TitleDescription` varchar(1000) COLLATE utf8mb4_unicode_ci NOT NULL,
  `HeadingId` int(11) NOT NULL,
  PRIMARY KEY (`TitleInt`)
) ENGINE=InnoDB DEFAULT CHARSET=utf8mb4 COLLATE=utf8mb4_unicode_ci;

--
-- Constraints for dumped tables
--

--
-- Constraints for table `description`
--
ALTER TABLE `description`
  ADD CONSTRAINT `description_ibfk_1` FOREIGN KEY (`HeadingId`) REFERENCES `heading` (`HeadingId`) ON DELETE CASCADE ON UPDATE CASCADE;

/*!40101 SET CHARACTER_SET_CLIENT=@OLD_CHARACTER_SET_CLIENT */;
/*!40101 SET CHARACTER_SET_RESULTS=@OLD_CHARACTER_SET_RESULTS */;
/*!40101 SET COLLATION_CONNECTION=@OLD_COLLATION_CONNECTION */;
